run_accession	sample_accession	tax_id	scientific_name	submitted_ftp	sample_alias
ERR1662184	SAMEA4470834	652676	hydrothermal vent metagenome	ftp.sra.ebi.ac.uk/vol1/run/ERR166/ERR1662184/FS841_AAGGGA_L005_R1_005.fastq.gz;ftp.sra.ebi.ac.uk/vol1/run/ERR166/ERR1662184/FS841_AAGGGA_L005_R2_005.fastq.gz	FS841
ERR1662193	SAMEA4470834	652676	hydrothermal vent metagenome	ftp.sra.ebi.ac.uk/vol1/run/ERR166/ERR1662193/FS841_AAGGGA_L005_R1_003.fastq.gz;ftp.sra.ebi.ac.uk/vol1/run/ERR166/ERR1662193/FS841_AAGGGA_L005_R2_003.fastq.gz	FS841
ERR1662194	SAMEA4470834	652676	hydrothermal vent metagenome	ftp.sra.ebi.ac.uk/vol1/run/ERR166/ERR1662194/FS841_AAGGGA_L006_R1_002.fastq.gz;ftp.sra.ebi.ac.uk/vol1/run/ERR166/ERR1662194/FS841_AAGGGA_L006_R2_002.fastq.gz	FS841
ERR1662195	SAMEA4470834	652676	hydrothermal vent metagenome	ftp.sra.ebi.ac.uk/vol1/run/ERR166/ERR1662195/FS841_AAGGGA_L004_R1_001.fastq.gz;ftp.sra.ebi.ac.uk/vol1/run/ERR166/ERR1662195/FS841_AAGGGA_L004_R2_001.fastq.gz	FS841
ERR1662196	SAMEA4470834	652676	hydrothermal vent metagenome	ftp.sra.ebi.ac.uk/vol1/run/ERR166/ERR1662196/FS841_AAGGGA_L004_R1_005.fastq.gz;ftp.sra.ebi.ac.uk/vol1/run/ERR166/ERR1662196/FS841_AAGGGA_L004_R2_005.fastq.gz	FS841
ERR1662201	SAMEA4470838	652676	hydrothermal vent metagenome	ftp.sra.ebi.ac.uk/vol1/run/ERR166/ERR1662201/FS849_CCTTCA_L005_R1_003.fastq.gz;ftp.sra.ebi.ac.uk/vol1/run/ERR166/ERR1662201/FS849_CCTTCA_L005_R2_003.fastq.gz	FS849
ERR1662203	SAMEA4470838	652676	hydrothermal vent metagenome	ftp.sra.ebi.ac.uk/vol1/run/ERR166/ERR1662203/FS849_CCTTCA_L005_R1_001.fastq.gz;ftp.sra.ebi.ac.uk/vol1/run/ERR166/ERR1662203/FS849_CCTTCA_L005_R2_001.fastq.gz	FS849
ERR1662204	SAMEA4470838	652676	hydrothermal vent metagenome	ftp.sra.ebi.ac.uk/vol1/run/ERR166/ERR1662204/FS849_CCTTCA_L006_R1_001.fastq.gz;ftp.sra.ebi.ac.uk/vol1/run/ERR166/ERR1662204/FS849_CCTTCA_L006_R2_001.fastq.gz	FS849
ERR1662206	SAMEA4470838	652676	hydrothermal vent metagenome	ftp.sra.ebi.ac.uk/vol1/run/ERR166/ERR1662206/FS849_CCTTCA_L005_R1_002.fastq.gz;ftp.sra.ebi.ac.uk/vol1/run/ERR166/ERR1662206/FS849_CCTTCA_L005_R2_002.fastq.gz	FS849
ERR1662207	SAMEA4470838	652676	hydrothermal vent metagenome	ftp.sra.ebi.ac.uk/vol1/run/ERR166/ERR1662207/FS849_CCTTCA_L006_R1_002.fastq.gz;ftp.sra.ebi.ac.uk/vol1/run/ERR166/ERR1662207/FS849_CCTTCA_L006_R2_002.fastq.gz	FS849
ERR1662208	SAMEA4470839	652676	hydrothermal vent metagenome	ftp.sra.ebi.ac.uk/vol1/run/ERR166/ERR1662208/FS851_GGACCC_L003_R1_001.fastq.gz;ftp.sra.ebi.ac.uk/vol1/run/ERR166/ERR1662208/FS851_GGACCC_L003_R2_001.fastq.gz	FS851
ERR1662210	SAMEA4470839	652676	hydrothermal vent metagenome	ftp.sra.ebi.ac.uk/vol1/run/ERR166/ERR1662210/FS851_GGACCC_L005_R1_004.fastq.gz;ftp.sra.ebi.ac.uk/vol1/run/ERR166/ERR1662210/FS851_GGACCC_L005_R2_004.fastq.gz	FS851
ERR1662213	SAMEA4470839	652676	hydrothermal vent metagenome	ftp.sra.ebi.ac.uk/vol1/run/ERR166/ERR1662213/FS851_GGACCC_L004_R1_005.fastq.gz;ftp.sra.ebi.ac.uk/vol1/run/ERR166/ERR1662213/FS851_GGACCC_L004_R2_005.fastq.gz	FS851
ERR1662217	SAMEA4470839	652676	hydrothermal vent metagenome	ftp.sra.ebi.ac.uk/vol1/run/ERR166/ERR1662217/FS851_GGACCC_L004_R1_006.fastq.gz;ftp.sra.ebi.ac.uk/vol1/run/ERR166/ERR1662217/FS851_GGACCC_L004_R2_006.fastq.gz	FS851
ERR1662221	SAMEA4470839	652676	hydrothermal vent metagenome	ftp.sra.ebi.ac.uk/vol1/run/ERR166/ERR1662221/FS851_GGACCC_L004_R1_007.fastq.gz;ftp.sra.ebi.ac.uk/vol1/run/ERR166/ERR1662221/FS851_GGACCC_L004_R2_007.fastq.gz	FS851
ERR1662222	SAMEA4470839	652676	hydrothermal vent metagenome	ftp.sra.ebi.ac.uk/vol1/run/ERR166/ERR1662222/FS851_GGACCC_L005_R1_007.fastq.gz;ftp.sra.ebi.ac.uk/vol1/run/ERR166/ERR1662222/FS851_GGACCC_L005_R2_007.fastq.gz	FS851
ERR1662225	SAMEA4470839	652676	hydrothermal vent metagenome	ftp.sra.ebi.ac.uk/vol1/run/ERR166/ERR1662225/FS851_GGACCC_L005_R1_001.fastq.gz;ftp.sra.ebi.ac.uk/vol1/run/ERR166/ERR1662225/FS851_GGACCC_L005_R2_001.fastq.gz	FS851
ERR1662231	SAMEA4470839	652676	hydrothermal vent metagenome	ftp.sra.ebi.ac.uk/vol1/run/ERR166/ERR1662231/FS851_GGACCC_L005_R1_003.fastq.gz;ftp.sra.ebi.ac.uk/vol1/run/ERR166/ERR1662231/FS851_GGACCC_L005_R2_003.fastq.gz	FS851
ERR1662235	SAMEA4470840	652676	hydrothermal vent metagenome	ftp.sra.ebi.ac.uk/vol1/run/ERR166/ERR1662235/FS852_TTCAGC_L005_R1_001.fastq.gz;ftp.sra.ebi.ac.uk/vol1/run/ERR166/ERR1662235/FS852_TTCAGC_L005_R2_001.fastq.gz	FS852
ERR1662236	SAMEA4470840	652676	hydrothermal vent metagenome	ftp.sra.ebi.ac.uk/vol1/run/ERR166/ERR1662236/FS852_TTCAGC_L006_R1_001.fastq.gz;ftp.sra.ebi.ac.uk/vol1/run/ERR166/ERR1662236/FS852_TTCAGC_L006_R2_001.fastq.gz	FS852
ERR1662239	SAMEA4470840	652676	hydrothermal vent metagenome	ftp.sra.ebi.ac.uk/vol1/run/ERR166/ERR1662239/FS852_TTCAGC_L005_R1_002.fastq.gz;ftp.sra.ebi.ac.uk/vol1/run/ERR166/ERR1662239/FS852_TTCAGC_L005_R2_002.fastq.gz	FS852
ERR1662244	SAMEA4470840	652676	hydrothermal vent metagenome	ftp.sra.ebi.ac.uk/vol1/run/ERR166/ERR1662244/FS852_TTCAGC_L006_R1_003.fastq.gz;ftp.sra.ebi.ac.uk/vol1/run/ERR166/ERR1662244/FS852_TTCAGC_L006_R2_003.fastq.gz	FS852
ERR1662248	SAMEA4470843	652676	hydrothermal vent metagenome	ftp.sra.ebi.ac.uk/vol1/run/ERR166/ERR1662248/FS866_TTCGCT_L006_R1_002.fastq.gz;ftp.sra.ebi.ac.uk/vol1/run/ERR166/ERR1662248/FS866_TTCGCT_L006_R2_002.fastq.gz	FS866
ERR1662250	SAMEA4470843	652676	hydrothermal vent metagenome	ftp.sra.ebi.ac.uk/vol1/run/ERR166/ERR1662250/FS866_TTCGCT_L004_R1_001.fastq.gz;ftp.sra.ebi.ac.uk/vol1/run/ERR166/ERR1662250/FS866_TTCGCT_L004_R2_001.fastq.gz	FS866
ERR1662251	SAMEA4470843	652676	hydrothermal vent metagenome	ftp.sra.ebi.ac.uk/vol1/run/ERR166/ERR1662251/FS866_TTCGCT_L005_R1_002.fastq.gz;ftp.sra.ebi.ac.uk/vol1/run/ERR166/ERR1662251/FS866_TTCGCT_L005_R2_002.fastq.gz	FS866
ERR1662253	SAMEA4470843	652676	hydrothermal vent metagenome	ftp.sra.ebi.ac.uk/vol1/run/ERR166/ERR1662253/FS866_TTCGCT_L004_R1_002.fastq.gz;ftp.sra.ebi.ac.uk/vol1/run/ERR166/ERR1662253/FS866_TTCGCT_L004_R2_002.fastq.gz	FS866
ERR1662255	SAMEA4470844	652676	hydrothermal vent metagenome	ftp.sra.ebi.ac.uk/vol1/run/ERR166/ERR1662255/FS872_AAGACG_L003_R1_001.fastq.gz;ftp.sra.ebi.ac.uk/vol1/run/ERR166/ERR1662255/FS872_AAGACG_L003_R2_001.fastq.gz	FS872
ERR1662256	SAMEA4470844	652676	hydrothermal vent metagenome	ftp.sra.ebi.ac.uk/vol1/run/ERR166/ERR1662256/FS872_AAGACG_L004_R1_002.fastq.gz;ftp.sra.ebi.ac.uk/vol1/run/ERR166/ERR1662256/FS872_AAGACG_L004_R2_002.fastq.gz	FS872
ERR1662267	SAMEA4470844	652676	hydrothermal vent metagenome	ftp.sra.ebi.ac.uk/vol1/run/ERR166/ERR1662267/FS872_AAGACG_L005_R1_001.fastq.gz;ftp.sra.ebi.ac.uk/vol1/run/ERR166/ERR1662267/FS872_AAGACG_L005_R2_001.fastq.gz	FS872
ERR1662270	SAMEA4470845	652676	hydrothermal vent metagenome	ftp.sra.ebi.ac.uk/vol1/run/ERR166/ERR1662270/FS874_CCTCGG_L004_R1_003.fastq.gz;ftp.sra.ebi.ac.uk/vol1/run/ERR166/ERR1662270/FS874_CCTCGG_L004_R2_003.fastq.gz	FS874
ERR1662271	SAMEA4470845	652676	hydrothermal vent metagenome	ftp.sra.ebi.ac.uk/vol1/run/ERR166/ERR1662271/FS874_CCTCGG_L005_R1_002.fastq.gz;ftp.sra.ebi.ac.uk/vol1/run/ERR166/ERR1662271/FS874_CCTCGG_L005_R2_002.fastq.gz	FS874
ERR1662273	SAMEA4470845	652676	hydrothermal vent metagenome	ftp.sra.ebi.ac.uk/vol1/run/ERR166/ERR1662273/FS874_CCTCGG_L006_R1_006.fastq.gz;ftp.sra.ebi.ac.uk/vol1/run/ERR166/ERR1662273/FS874_CCTCGG_L006_R2_006.fastq.gz	FS874
ERR1662284	SAMEA4470845	652676	hydrothermal vent metagenome	ftp.sra.ebi.ac.uk/vol1/run/ERR166/ERR1662284/FS874_CCTCGG_L005_R1_005.fastq.gz;ftp.sra.ebi.ac.uk/vol1/run/ERR166/ERR1662284/FS874_CCTCGG_L005_R2_005.fastq.gz	FS874
ERR1662290	SAMEA4470846	652676	hydrothermal vent metagenome	ftp.sra.ebi.ac.uk/vol1/run/ERR166/ERR1662290/FS877_GGATGT_L003_R1_001.fastq.gz;ftp.sra.ebi.ac.uk/vol1/run/ERR166/ERR1662290/FS877_GGATGT_L003_R2_001.fastq.gz	FS877
ERR1662296	SAMEA4470846	652676	hydrothermal vent metagenome	ftp.sra.ebi.ac.uk/vol1/run/ERR166/ERR1662296/FS877_GGATGT_L005_R1_005.fastq.gz;ftp.sra.ebi.ac.uk/vol1/run/ERR166/ERR1662296/FS877_GGATGT_L005_R2_005.fastq.gz	FS877
ERR1662302	SAMEA4470846	652676	hydrothermal vent metagenome	ftp.sra.ebi.ac.uk/vol1/run/ERR166/ERR1662302/FS877_GGATGT_L003_R1_004.fastq.gz;ftp.sra.ebi.ac.uk/vol1/run/ERR166/ERR1662302/FS877_GGATGT_L003_R2_004.fastq.gz	FS877
ERR1662303	SAMEA4470846	652676	hydrothermal vent metagenome	ftp.sra.ebi.ac.uk/vol1/run/ERR166/ERR1662303/FS877_GGATGT_L004_R1_008.fastq.gz;ftp.sra.ebi.ac.uk/vol1/run/ERR166/ERR1662303/FS877_GGATGT_L004_R2_008.fastq.gz	FS877
ERR1662305	SAMEA4470846	652676	hydrothermal vent metagenome	ftp.sra.ebi.ac.uk/vol1/run/ERR166/ERR1662305/FS877_GGATGT_L006_R1_006.fastq.gz;ftp.sra.ebi.ac.uk/vol1/run/ERR166/ERR1662305/FS877_GGATGT_L006_R2_006.fastq.gz	FS877
ERR1662306	SAMEA4470846	652676	hydrothermal vent metagenome	ftp.sra.ebi.ac.uk/vol1/run/ERR166/ERR1662306/FS877_GGATGT_L003_R1_005.fastq.gz;ftp.sra.ebi.ac.uk/vol1/run/ERR166/ERR1662306/FS877_GGATGT_L003_R2_005.fastq.gz	FS877
ERR1662307	SAMEA4470846	652676	hydrothermal vent metagenome	ftp.sra.ebi.ac.uk/vol1/run/ERR166/ERR1662307/FS877_GGATGT_L004_R1_009.fastq.gz;ftp.sra.ebi.ac.uk/vol1/run/ERR166/ERR1662307/FS877_GGATGT_L004_R2_009.fastq.gz	FS877
ERR1662311	SAMEA4470846	652676	hydrothermal vent metagenome	ftp.sra.ebi.ac.uk/vol1/run/ERR166/ERR1662311/FS877_GGATGT_L004_R1_010.fastq.gz;ftp.sra.ebi.ac.uk/vol1/run/ERR166/ERR1662311/FS877_GGATGT_L004_R2_010.fastq.gz	FS877
ERR1662315	SAMEA4470846	652676	hydrothermal vent metagenome	ftp.sra.ebi.ac.uk/vol1/run/ERR166/ERR1662315/FS877_GGATGT_L004_R1_011.fastq.gz;ftp.sra.ebi.ac.uk/vol1/run/ERR166/ERR1662315/FS877_GGATGT_L004_R2_011.fastq.gz	FS877
ERR1662318	SAMEA4470846	652676	hydrothermal vent metagenome	ftp.sra.ebi.ac.uk/vol1/run/ERR166/ERR1662318/FS877_GGATGT_L004_R1_001.fastq.gz;ftp.sra.ebi.ac.uk/vol1/run/ERR166/ERR1662318/FS877_GGATGT_L004_R2_001.fastq.gz	FS877
ERR1662323	SAMEA4470846	652676	hydrothermal vent metagenome	ftp.sra.ebi.ac.uk/vol1/run/ERR166/ERR1662323/FS877_GGATGT_L005_R1_001.fastq.gz;ftp.sra.ebi.ac.uk/vol1/run/ERR166/ERR1662323/FS877_GGATGT_L005_R2_001.fastq.gz	FS877
ERR1662325	SAMEA4470846	652676	hydrothermal vent metagenome	ftp.sra.ebi.ac.uk/vol1/run/ERR166/ERR1662325/FS877_GGATGT_L006_R1_011.fastq.gz;ftp.sra.ebi.ac.uk/vol1/run/ERR166/ERR1662325/FS877_GGATGT_L006_R2_011.fastq.gz	FS877
ERR1662326	SAMEA4470846	652676	hydrothermal vent metagenome	ftp.sra.ebi.ac.uk/vol1/run/ERR166/ERR1662326/FS877_GGATGT_L004_R1_003.fastq.gz;ftp.sra.ebi.ac.uk/vol1/run/ERR166/ERR1662326/FS877_GGATGT_L004_R2_003.fastq.gz	FS877
ERR1662328	SAMEA4470846	652676	hydrothermal vent metagenome	ftp.sra.ebi.ac.uk/vol1/run/ERR166/ERR1662328/FS877_GGATGT_L006_R1_001.fastq.gz;ftp.sra.ebi.ac.uk/vol1/run/ERR166/ERR1662328/FS877_GGATGT_L006_R2_001.fastq.gz	FS877
ERR1662334	SAMEA4470847	652676	hydrothermal vent metagenome	ftp.sra.ebi.ac.uk/vol1/run/ERR166/ERR1662334/FS879_ACACGA_L003_R1_004.fastq.gz;ftp.sra.ebi.ac.uk/vol1/run/ERR166/ERR1662334/FS879_ACACGA_L003_R2_004.fastq.gz	FS879
ERR1662344	SAMEA4470848	652676	hydrothermal vent metagenome	ftp.sra.ebi.ac.uk/vol1/run/ERR166/ERR1662344/FS881_CACACA_L003_R1_010.fastq.gz;ftp.sra.ebi.ac.uk/vol1/run/ERR166/ERR1662344/FS881_CACACA_L003_R2_010.fastq.gz	FS881
ERR1662351	SAMEA4470848	652676	hydrothermal vent metagenome	ftp.sra.ebi.ac.uk/vol1/run/ERR166/ERR1662351/FS881_CACACA_L004_R1_003.fastq.gz;ftp.sra.ebi.ac.uk/vol1/run/ERR166/ERR1662351/FS881_CACACA_L004_R2_003.fastq.gz	FS881
ERR1662354	SAMEA4470848	652676	hydrothermal vent metagenome	ftp.sra.ebi.ac.uk/vol1/run/ERR166/ERR1662354/FS881_CACACA_L006_R1_008.fastq.gz;ftp.sra.ebi.ac.uk/vol1/run/ERR166/ERR1662354/FS881_CACACA_L006_R2_008.fastq.gz	FS881
ERR1662360	SAMEA4470848	652676	hydrothermal vent metagenome	ftp.sra.ebi.ac.uk/vol1/run/ERR166/ERR1662360/FS881_CACACA_L006_R1_009.fastq.gz;ftp.sra.ebi.ac.uk/vol1/run/ERR166/ERR1662360/FS881_CACACA_L006_R2_009.fastq.gz	FS881
ERR1662364	SAMEA4470848	652676	hydrothermal vent metagenome	ftp.sra.ebi.ac.uk/vol1/run/ERR166/ERR1662364/FS881_CACACA_L005_R1_003.fastq.gz;ftp.sra.ebi.ac.uk/vol1/run/ERR166/ERR1662364/FS881_CACACA_L005_R2_003.fastq.gz	FS881
ERR1662368	SAMEA4470848	652676	hydrothermal vent metagenome	ftp.sra.ebi.ac.uk/vol1/run/ERR166/ERR1662368/FS881_CACACA_L003_R1_014.fastq.gz;ftp.sra.ebi.ac.uk/vol1/run/ERR166/ERR1662368/FS881_CACACA_L003_R2_014.fastq.gz	FS881
ERR1662372	SAMEA4470848	652676	hydrothermal vent metagenome	ftp.sra.ebi.ac.uk/vol1/run/ERR166/ERR1662372/FS881_CACACA_L006_R1_011.fastq.gz;ftp.sra.ebi.ac.uk/vol1/run/ERR166/ERR1662372/FS881_CACACA_L006_R2_011.fastq.gz	FS881
ERR1662373	SAMEA4470848	652676	hydrothermal vent metagenome	ftp.sra.ebi.ac.uk/vol1/run/ERR166/ERR1662373/FS881_CACACA_L003_R1_006.fastq.gz;ftp.sra.ebi.ac.uk/vol1/run/ERR166/ERR1662373/FS881_CACACA_L003_R2_006.fastq.gz	FS881
ERR1662374	SAMEA4470848	652676	hydrothermal vent metagenome	ftp.sra.ebi.ac.uk/vol1/run/ERR166/ERR1662374/FS881_CACACA_L003_R1_015.fastq.gz;ftp.sra.ebi.ac.uk/vol1/run/ERR166/ERR1662374/FS881_CACACA_L003_R2_015.fastq.gz	FS881
ERR1662381	SAMEA4470848	652676	hydrothermal vent metagenome	ftp.sra.ebi.ac.uk/vol1/run/ERR166/ERR1662381/FS881_CACACA_L005_R1_006.fastq.gz;ftp.sra.ebi.ac.uk/vol1/run/ERR166/ERR1662381/FS881_CACACA_L005_R2_006.fastq.gz	FS881
ERR1662384	SAMEA4470848	652676	hydrothermal vent metagenome	ftp.sra.ebi.ac.uk/vol1/run/ERR166/ERR1662384/FS881_CACACA_L003_R1_017.fastq.gz;ftp.sra.ebi.ac.uk/vol1/run/ERR166/ERR1662384/FS881_CACACA_L003_R2_017.fastq.gz	FS881
ERR1662385	SAMEA4470848	652676	hydrothermal vent metagenome	ftp.sra.ebi.ac.uk/vol1/run/ERR166/ERR1662385/FS881_CACACA_L004_R1_009.fastq.gz;ftp.sra.ebi.ac.uk/vol1/run/ERR166/ERR1662385/FS881_CACACA_L004_R2_009.fastq.gz	FS881
ERR1662386	SAMEA4470848	652676	hydrothermal vent metagenome	ftp.sra.ebi.ac.uk/vol1/run/ERR166/ERR1662386/FS881_CACACA_L005_R1_007.fastq.gz;ftp.sra.ebi.ac.uk/vol1/run/ERR166/ERR1662386/FS881_CACACA_L005_R2_007.fastq.gz	FS881
ERR1662387	SAMEA4470848	652676	hydrothermal vent metagenome	ftp.sra.ebi.ac.uk/vol1/run/ERR166/ERR1662387/FS881_CACACA_L006_R1_005.fastq.gz;ftp.sra.ebi.ac.uk/vol1/run/ERR166/ERR1662387/FS881_CACACA_L006_R2_005.fastq.gz	FS881
ERR1662393	SAMEA4470835	652676	hydrothermal vent metagenome	ftp.sra.ebi.ac.uk/vol1/run/ERR166/ERR1662393/run1_FS842_GGACCC_L006_R1_001.fastq.gz;ftp.sra.ebi.ac.uk/vol1/run/ERR166/ERR1662393/run1_FS842_GGACCC_L006_R2_001.fastq.gz	FS842
ERR1662396	SAMEA4470835	652676	hydrothermal vent metagenome	ftp.sra.ebi.ac.uk/vol1/run/ERR166/ERR1662396/run2_FS842_GGACCC_L006_R1_003.fastq.gz;ftp.sra.ebi.ac.uk/vol1/run/ERR166/ERR1662396/run2_FS842_GGACCC_L006_R2_003.fastq.gz	FS842
ERR1662397	SAMEA4470835	652676	hydrothermal vent metagenome	ftp.sra.ebi.ac.uk/vol1/run/ERR166/ERR1662397/run1_FS842_GGACCC_L006_R1_002.fastq.gz;ftp.sra.ebi.ac.uk/vol1/run/ERR166/ERR1662397/run1_FS842_GGACCC_L006_R2_002.fastq.gz	FS842
ERR1662401	SAMEA4470835	652676	hydrothermal vent metagenome	ftp.sra.ebi.ac.uk/vol1/run/ERR166/ERR1662401/run1_FS842_GGACCC_L006_R1_003.fastq.gz;ftp.sra.ebi.ac.uk/vol1/run/ERR166/ERR1662401/run1_FS842_GGACCC_L006_R2_003.fastq.gz	FS842
ERR1662405	SAMEA4470835	652676	hydrothermal vent metagenome	ftp.sra.ebi.ac.uk/vol1/run/ERR166/ERR1662405/run1_FS842_GGACCC_L006_R1_004.fastq.gz;ftp.sra.ebi.ac.uk/vol1/run/ERR166/ERR1662405/run1_FS842_GGACCC_L006_R2_004.fastq.gz	FS842
ERR1662406	SAMEA4470835	652676	hydrothermal vent metagenome	ftp.sra.ebi.ac.uk/vol1/run/ERR166/ERR1662406/run2_FS842_GGACCC_L004_R1_004.fastq.gz;ftp.sra.ebi.ac.uk/vol1/run/ERR166/ERR1662406/run2_FS842_GGACCC_L004_R2_004.fastq.gz	FS842
ERR1662408	SAMEA4470835	652676	hydrothermal vent metagenome	ftp.sra.ebi.ac.uk/vol1/run/ERR166/ERR1662408/run1_FS842_GGACCC_L006_R1_005.fastq.gz;ftp.sra.ebi.ac.uk/vol1/run/ERR166/ERR1662408/run1_FS842_GGACCC_L006_R2_005.fastq.gz	FS842
ERR1662421	SAMEA4470836	652676	hydrothermal vent metagenome	ftp.sra.ebi.ac.uk/vol1/run/ERR166/ERR1662421/run2_FS844_TTCAGC_L006_R1_006.fastq.gz;ftp.sra.ebi.ac.uk/vol1/run/ERR166/ERR1662421/run2_FS844_TTCAGC_L006_R2_006.fastq.gz	FS844
ERR1662430	SAMEA4470836	652676	hydrothermal vent metagenome	ftp.sra.ebi.ac.uk/vol1/run/ERR166/ERR1662430/run2_FS844_TTCAGC_L004_R1_001.fastq.gz;ftp.sra.ebi.ac.uk/vol1/run/ERR166/ERR1662430/run2_FS844_TTCAGC_L004_R2_001.fastq.gz	FS844
ERR1662436	SAMEA4470836	652676	hydrothermal vent metagenome	ftp.sra.ebi.ac.uk/vol1/run/ERR166/ERR1662436/run2_FS844_TTCAGC_L006_R1_002.fastq.gz;ftp.sra.ebi.ac.uk/vol1/run/ERR166/ERR1662436/run2_FS844_TTCAGC_L006_R2_002.fastq.gz	FS844
ERR1662439	SAMEA4470836	652676	hydrothermal vent metagenome	ftp.sra.ebi.ac.uk/vol1/run/ERR166/ERR1662439/run2_FS844_TTCAGC_L006_R1_003.fastq.gz;ftp.sra.ebi.ac.uk/vol1/run/ERR166/ERR1662439/run2_FS844_TTCAGC_L006_R2_003.fastq.gz	FS844
ERR1662442	SAMEA4470836	652676	hydrothermal vent metagenome	ftp.sra.ebi.ac.uk/vol1/run/ERR166/ERR1662442/run2_FS844_TTCAGC_L006_R1_004.fastq.gz;ftp.sra.ebi.ac.uk/vol1/run/ERR166/ERR1662442/run2_FS844_TTCAGC_L006_R2_004.fastq.gz	FS844
ERR1662444	SAMEA4470837	652676	hydrothermal vent metagenome	ftp.sra.ebi.ac.uk/vol1/run/ERR166/ERR1662444/run2_FS848_AAGACG_L004_R1_002.fastq.gz;ftp.sra.ebi.ac.uk/vol1/run/ERR166/ERR1662444/run2_FS848_AAGACG_L004_R2_002.fastq.gz	FS848
ERR1662447	SAMEA4470837	652676	hydrothermal vent metagenome	ftp.sra.ebi.ac.uk/vol1/run/ERR166/ERR1662447/run1_FS848_AAGACG_L006_R1_002.fastq.gz;ftp.sra.ebi.ac.uk/vol1/run/ERR166/ERR1662447/run1_FS848_AAGACG_L006_R2_002.fastq.gz	FS848
ERR1662448	SAMEA4470837	652676	hydrothermal vent metagenome	ftp.sra.ebi.ac.uk/vol1/run/ERR166/ERR1662448/run2_FS848_AAGACG_L004_R1_003.fastq.gz;ftp.sra.ebi.ac.uk/vol1/run/ERR166/ERR1662448/run2_FS848_AAGACG_L004_R2_003.fastq.gz	FS848
ERR1662449	SAMEA4470837	652676	hydrothermal vent metagenome	ftp.sra.ebi.ac.uk/vol1/run/ERR166/ERR1662449/run2_FS848_AAGACG_L005_R1_003.fastq.gz;ftp.sra.ebi.ac.uk/vol1/run/ERR166/ERR1662449/run2_FS848_AAGACG_L005_R2_003.fastq.gz	FS848
ERR1662453	SAMEA4470837	652676	hydrothermal vent metagenome	ftp.sra.ebi.ac.uk/vol1/run/ERR166/ERR1662453/run2_FS848_AAGACG_L005_R1_004.fastq.gz;ftp.sra.ebi.ac.uk/vol1/run/ERR166/ERR1662453/run2_FS848_AAGACG_L005_R2_004.fastq.gz	FS848
ERR1662454	SAMEA4470837	652676	hydrothermal vent metagenome	ftp.sra.ebi.ac.uk/vol1/run/ERR166/ERR1662454/run2_FS848_AAGACG_L006_R1_004.fastq.gz;ftp.sra.ebi.ac.uk/vol1/run/ERR166/ERR1662454/run2_FS848_AAGACG_L006_R2_004.fastq.gz	FS848
ERR1662457	SAMEA4470837	652676	hydrothermal vent metagenome	ftp.sra.ebi.ac.uk/vol1/run/ERR166/ERR1662457/run2_FS848_AAGACG_L005_R1_005.fastq.gz;ftp.sra.ebi.ac.uk/vol1/run/ERR166/ERR1662457/run2_FS848_AAGACG_L005_R2_005.fastq.gz	FS848
ERR1662460	SAMEA4470837	652676	hydrothermal vent metagenome	ftp.sra.ebi.ac.uk/vol1/run/ERR166/ERR1662460/run2_FS848_AAGACG_L004_R1_006.fastq.gz;ftp.sra.ebi.ac.uk/vol1/run/ERR166/ERR1662460/run2_FS848_AAGACG_L004_R2_006.fastq.gz	FS848
ERR1662462	SAMEA4470837	652676	hydrothermal vent metagenome	ftp.sra.ebi.ac.uk/vol1/run/ERR166/ERR1662462/run2_FS848_AAGACG_L006_R1_006.fastq.gz;ftp.sra.ebi.ac.uk/vol1/run/ERR166/ERR1662462/run2_FS848_AAGACG_L006_R2_006.fastq.gz	FS848
ERR1662467	SAMEA4470841	652676	hydrothermal vent metagenome	ftp.sra.ebi.ac.uk/vol1/run/ERR166/ERR1662467/run2_FS854_CCTCGG_L004_R1_003.fastq.gz;ftp.sra.ebi.ac.uk/vol1/run/ERR166/ERR1662467/run2_FS854_CCTCGG_L004_R2_003.fastq.gz	FS854
ERR1662468	SAMEA4470841	652676	hydrothermal vent metagenome	ftp.sra.ebi.ac.uk/vol1/run/ERR166/ERR1662468/run2_FS854_CCTCGG_L005_R1_003.fastq.gz;ftp.sra.ebi.ac.uk/vol1/run/ERR166/ERR1662468/run2_FS854_CCTCGG_L005_R2_003.fastq.gz	FS854
ERR1662469	SAMEA4470841	652676	hydrothermal vent metagenome	ftp.sra.ebi.ac.uk/vol1/run/ERR166/ERR1662469/run2_FS854_CCTCGG_L006_R1_003.fastq.gz;ftp.sra.ebi.ac.uk/vol1/run/ERR166/ERR1662469/run2_FS854_CCTCGG_L006_R2_003.fastq.gz	FS854
ERR1662470	SAMEA4470841	652676	hydrothermal vent metagenome	ftp.sra.ebi.ac.uk/vol1/run/ERR166/ERR1662470/run1_FS854_CCTCGG_L006_R1_002.fastq.gz;ftp.sra.ebi.ac.uk/vol1/run/ERR166/ERR1662470/run1_FS854_CCTCGG_L006_R2_002.fastq.gz	FS854
ERR1662475	SAMEA4470841	652676	hydrothermal vent metagenome	ftp.sra.ebi.ac.uk/vol1/run/ERR166/ERR1662475/run2_FS854_CCTCGG_L004_R1_005.fastq.gz;ftp.sra.ebi.ac.uk/vol1/run/ERR166/ERR1662475/run2_FS854_CCTCGG_L004_R2_005.fastq.gz	FS854
ERR1662476	SAMEA4470841	652676	hydrothermal vent metagenome	ftp.sra.ebi.ac.uk/vol1/run/ERR166/ERR1662476/run2_FS854_CCTCGG_L005_R1_005.fastq.gz;ftp.sra.ebi.ac.uk/vol1/run/ERR166/ERR1662476/run2_FS854_CCTCGG_L005_R2_005.fastq.gz	FS854
ERR1662480	SAMEA4470841	652676	hydrothermal vent metagenome	ftp.sra.ebi.ac.uk/vol1/run/ERR166/ERR1662480/run2_FS854_CCTCGG_L005_R1_006.fastq.gz;ftp.sra.ebi.ac.uk/vol1/run/ERR166/ERR1662480/run2_FS854_CCTCGG_L005_R2_006.fastq.gz	FS854
ERR1662482	SAMEA4470841	652676	hydrothermal vent metagenome	ftp.sra.ebi.ac.uk/vol1/run/ERR166/ERR1662482/run1_FS854_CCTCGG_L006_R1_005.fastq.gz;ftp.sra.ebi.ac.uk/vol1/run/ERR166/ERR1662482/run1_FS854_CCTCGG_L006_R2_005.fastq.gz	FS854
ERR1662484	SAMEA4470841	652676	hydrothermal vent metagenome	ftp.sra.ebi.ac.uk/vol1/run/ERR166/ERR1662484/run2_FS854_CCTCGG_L005_R1_007.fastq.gz;ftp.sra.ebi.ac.uk/vol1/run/ERR166/ERR1662484/run2_FS854_CCTCGG_L005_R2_007.fastq.gz	FS854
ERR1662485	SAMEA4470841	652676	hydrothermal vent metagenome	ftp.sra.ebi.ac.uk/vol1/run/ERR166/ERR1662485/run2_FS854_CCTCGG_L006_R1_007.fastq.gz;ftp.sra.ebi.ac.uk/vol1/run/ERR166/ERR1662485/run2_FS854_CCTCGG_L006_R2_007.fastq.gz	FS854
ERR1662487	SAMEA4470841	652676	hydrothermal vent metagenome	ftp.sra.ebi.ac.uk/vol1/run/ERR166/ERR1662487/run2_FS854_CCTCGG_L004_R1_008.fastq.gz;ftp.sra.ebi.ac.uk/vol1/run/ERR166/ERR1662487/run2_FS854_CCTCGG_L004_R2_008.fastq.gz	FS854
ERR1662493	SAMEA4470841	652676	hydrothermal vent metagenome	ftp.sra.ebi.ac.uk/vol1/run/ERR166/ERR1662493/run2_FS854_CCTCGG_L006_R1_009.fastq.gz;ftp.sra.ebi.ac.uk/vol1/run/ERR166/ERR1662493/run2_FS854_CCTCGG_L006_R2_009.fastq.gz	FS854
ERR1662495	SAMEA4470841	652676	hydrothermal vent metagenome	ftp.sra.ebi.ac.uk/vol1/run/ERR166/ERR1662495/run2_FS854_CCTCGG_L004_R1_010.fastq.gz;ftp.sra.ebi.ac.uk/vol1/run/ERR166/ERR1662495/run2_FS854_CCTCGG_L004_R2_010.fastq.gz	FS854
ERR1662496	SAMEA4470841	652676	hydrothermal vent metagenome	ftp.sra.ebi.ac.uk/vol1/run/ERR166/ERR1662496/run2_FS854_CCTCGG_L005_R1_010.fastq.gz;ftp.sra.ebi.ac.uk/vol1/run/ERR166/ERR1662496/run2_FS854_CCTCGG_L005_R2_010.fastq.gz	FS854
ERR1662499	SAMEA4470841	652676	hydrothermal vent metagenome	ftp.sra.ebi.ac.uk/vol1/run/ERR166/ERR1662499/run2_FS854_CCTCGG_L005_R1_001.fastq.gz;ftp.sra.ebi.ac.uk/vol1/run/ERR166/ERR1662499/run2_FS854_CCTCGG_L005_R2_001.fastq.gz	FS854
ERR1662500	SAMEA4470841	652676	hydrothermal vent metagenome	ftp.sra.ebi.ac.uk/vol1/run/ERR166/ERR1662500/run2_FS854_CCTCGG_L006_R1_001.fastq.gz;ftp.sra.ebi.ac.uk/vol1/run/ERR166/ERR1662500/run2_FS854_CCTCGG_L006_R2_001.fastq.gz	FS854
ERR1662502	SAMEA4470841	652676	hydrothermal vent metagenome	ftp.sra.ebi.ac.uk/vol1/run/ERR166/ERR1662502/run2_FS854_CCTCGG_L005_R1_002.fastq.gz;ftp.sra.ebi.ac.uk/vol1/run/ERR166/ERR1662502/run2_FS854_CCTCGG_L005_R2_002.fastq.gz	FS854
ERR1662507	SAMEA4470842	652676	hydrothermal vent metagenome	ftp.sra.ebi.ac.uk/vol1/run/ERR166/ERR1662507/run2_FS856_GGATGT_L006_R1_003.fastq.gz;ftp.sra.ebi.ac.uk/vol1/run/ERR166/ERR1662507/run2_FS856_GGATGT_L006_R2_003.fastq.gz	FS856
ERR1662510	SAMEA4470842	652676	hydrothermal vent metagenome	ftp.sra.ebi.ac.uk/vol1/run/ERR166/ERR1662510/run2_FS856_GGATGT_L005_R1_003.fastq.gz;ftp.sra.ebi.ac.uk/vol1/run/ERR166/ERR1662510/run2_FS856_GGATGT_L005_R2_003.fastq.gz	FS856
ERR1662514	SAMEA4470842	652676	hydrothermal vent metagenome	ftp.sra.ebi.ac.uk/vol1/run/ERR166/ERR1662514/run2_FS856_GGATGT_L005_R1_004.fastq.gz;ftp.sra.ebi.ac.uk/vol1/run/ERR166/ERR1662514/run2_FS856_GGATGT_L005_R2_004.fastq.gz	FS856
ERR1662516	SAMEA4470842	652676	hydrothermal vent metagenome	ftp.sra.ebi.ac.uk/vol1/run/ERR166/ERR1662516/run1_FS856_GGATGT_L006_R1_004.fastq.gz;ftp.sra.ebi.ac.uk/vol1/run/ERR166/ERR1662516/run1_FS856_GGATGT_L006_R2_004.fastq.gz	FS856
ERR1662517	SAMEA4470842	652676	hydrothermal vent metagenome	ftp.sra.ebi.ac.uk/vol1/run/ERR166/ERR1662517/run2_FS856_GGATGT_L004_R1_004.fastq.gz;ftp.sra.ebi.ac.uk/vol1/run/ERR166/ERR1662517/run2_FS856_GGATGT_L004_R2_004.fastq.gz	FS856
ERR1662520	SAMEA4470842	652676	hydrothermal vent metagenome	ftp.sra.ebi.ac.uk/vol1/run/ERR166/ERR1662520/run1_FS856_GGATGT_L006_R1_005.fastq.gz;ftp.sra.ebi.ac.uk/vol1/run/ERR166/ERR1662520/run1_FS856_GGATGT_L006_R2_005.fastq.gz	FS856
ERR1662521	SAMEA4470842	652676	hydrothermal vent metagenome	ftp.sra.ebi.ac.uk/vol1/run/ERR166/ERR1662521/run2_FS856_GGATGT_L004_R1_005.fastq.gz;ftp.sra.ebi.ac.uk/vol1/run/ERR166/ERR1662521/run2_FS856_GGATGT_L004_R2_005.fastq.gz	FS856
ERR1662522	SAMEA4470842	652676	hydrothermal vent metagenome	ftp.sra.ebi.ac.uk/vol1/run/ERR166/ERR1662522/run2_FS856_GGATGT_L005_R1_006.fastq.gz;ftp.sra.ebi.ac.uk/vol1/run/ERR166/ERR1662522/run2_FS856_GGATGT_L005_R2_006.fastq.gz	FS856
ERR1662529	SAMEA4470842	652676	hydrothermal vent metagenome	ftp.sra.ebi.ac.uk/vol1/run/ERR166/ERR1662529/run2_FS856_GGATGT_L006_R1_001.fastq.gz;ftp.sra.ebi.ac.uk/vol1/run/ERR166/ERR1662529/run2_FS856_GGATGT_L006_R2_001.fastq.gz	FS856
ERR1662530	SAMEA4470842	652676	hydrothermal vent metagenome	ftp.sra.ebi.ac.uk/vol1/run/ERR166/ERR1662530/run1_FS856_GGATGT_L006_R1_008.fastq.gz;ftp.sra.ebi.ac.uk/vol1/run/ERR166/ERR1662530/run1_FS856_GGATGT_L006_R2_008.fastq.gz	FS856
ERR1664676	SAMEA4473425	652676	hydrothermal vent metagenome	ftp.sra.ebi.ac.uk/vol1/run/ERR166/ERR1664676/FS844_RNA_GGACCC_L002_R1_005.fastq.gz;ftp.sra.ebi.ac.uk/vol1/run/ERR166/ERR1664676/FS844_RNA_GGACCC_L002_R2_005.fastq.gz	FS844-RNA
ERR1664678	SAMEA4473425	652676	hydrothermal vent metagenome	ftp.sra.ebi.ac.uk/vol1/run/ERR166/ERR1664678/FS844_RNA_GGACCC_L002_R1_009.fastq.gz;ftp.sra.ebi.ac.uk/vol1/run/ERR166/ERR1664678/FS844_RNA_GGACCC_L002_R2_009.fastq.gz	FS844-RNA
ERR1664679	SAMEA4473425	652676	hydrothermal vent metagenome	ftp.sra.ebi.ac.uk/vol1/run/ERR166/ERR1664679/FS844_RNA_GGACCC_L002_R1_011.fastq.gz;ftp.sra.ebi.ac.uk/vol1/run/ERR166/ERR1664679/FS844_RNA_GGACCC_L002_R2_011.fastq.gz	FS844-RNA
ERR1664680	SAMEA4473425	652676	hydrothermal vent metagenome	ftp.sra.ebi.ac.uk/vol1/run/ERR166/ERR1664680/FS844_RNA_GGACCC_L002_R1_002.fastq.gz;ftp.sra.ebi.ac.uk/vol1/run/ERR166/ERR1664680/FS844_RNA_GGACCC_L002_R2_002.fastq.gz	FS844-RNA
ERR1664682	SAMEA4473425	652676	hydrothermal vent metagenome	ftp.sra.ebi.ac.uk/vol1/run/ERR166/ERR1664682/FS844_RNA_GGACCC_L002_R1_006.fastq.gz;ftp.sra.ebi.ac.uk/vol1/run/ERR166/ERR1664682/FS844_RNA_GGACCC_L002_R2_006.fastq.gz	FS844-RNA
ERR1664686	SAMEA4473426	652676	hydrothermal vent metagenome	ftp.sra.ebi.ac.uk/vol1/run/ERR166/ERR1664686/FS848_RNA_TTCAGC_L002_R1_001.fastq.gz;ftp.sra.ebi.ac.uk/vol1/run/ERR166/ERR1664686/FS848_RNA_TTCAGC_L002_R2_001.fastq.gz	FS848-RNA
ERR1664687	SAMEA4473426	652676	hydrothermal vent metagenome	ftp.sra.ebi.ac.uk/vol1/run/ERR166/ERR1664687/FS848_RNA_TTCAGC_L002_R1_003.fastq.gz;ftp.sra.ebi.ac.uk/vol1/run/ERR166/ERR1664687/FS848_RNA_TTCAGC_L002_R2_003.fastq.gz	FS848-RNA
ERR1664702	SAMEA4473428	652676	hydrothermal vent metagenome	ftp.sra.ebi.ac.uk/vol1/run/ERR166/ERR1664702/FS852_CCTTCA_L001_R1_005.fastq.gz;ftp.sra.ebi.ac.uk/vol1/run/ERR166/ERR1664702/FS852_CCTTCA_L001_R2_005.fastq.gz	FS852-RNA
ERR1664703	SAMEA4473428	652676	hydrothermal vent metagenome	ftp.sra.ebi.ac.uk/vol1/run/ERR166/ERR1664703/FS852_CCTTCA_L001_R1_007.fastq.gz;ftp.sra.ebi.ac.uk/vol1/run/ERR166/ERR1664703/FS852_CCTTCA_L001_R2_007.fastq.gz	FS852-RNA
ERR1664704	SAMEA4473428	652676	hydrothermal vent metagenome	ftp.sra.ebi.ac.uk/vol1/run/ERR166/ERR1664704/FS852_CCTTCA_L001_R1_002.fastq.gz;ftp.sra.ebi.ac.uk/vol1/run/ERR166/ERR1664704/FS852_CCTTCA_L001_R2_002.fastq.gz	FS852-RNA
ERR1664705	SAMEA4473428	652676	hydrothermal vent metagenome	ftp.sra.ebi.ac.uk/vol1/run/ERR166/ERR1664705/FS852_CCTTCA_L001_R1_004.fastq.gz;ftp.sra.ebi.ac.uk/vol1/run/ERR166/ERR1664705/FS852_CCTTCA_L001_R2_004.fastq.gz	FS852-RNA
ERR1664707	SAMEA4473429	652676	hydrothermal vent metagenome	ftp.sra.ebi.ac.uk/vol1/run/ERR166/ERR1664707/FS854_GGACCC_L001_R1_001.fastq.gz;ftp.sra.ebi.ac.uk/vol1/run/ERR166/ERR1664707/FS854_GGACCC_L001_R2_001.fastq.gz	FS854-RNA
ERR1664709	SAMEA4473429	652676	hydrothermal vent metagenome	ftp.sra.ebi.ac.uk/vol1/run/ERR166/ERR1664709/FS854_GGACCC_L001_R1_003.fastq.gz;ftp.sra.ebi.ac.uk/vol1/run/ERR166/ERR1664709/FS854_GGACCC_L001_R2_003.fastq.gz	FS854-RNA
ERR1664710	SAMEA4473429	652676	hydrothermal vent metagenome	ftp.sra.ebi.ac.uk/vol1/run/ERR166/ERR1664710/FS854_GGACCC_L001_R1_004.fastq.gz;ftp.sra.ebi.ac.uk/vol1/run/ERR166/ERR1664710/FS854_GGACCC_L001_R2_004.fastq.gz	FS854-RNA
ERR1664724	SAMEA4473432	652676	hydrothermal vent metagenome	ftp.sra.ebi.ac.uk/vol1/run/ERR166/ERR1664724/FS879_RNA_AAGACG_L002_R1_004.fastq.gz;ftp.sra.ebi.ac.uk/vol1/run/ERR166/ERR1664724/FS879_RNA_AAGACG_L002_R2_004.fastq.gz	FS879-RNA
ERR1664725	SAMEA4473432	652676	hydrothermal vent metagenome	ftp.sra.ebi.ac.uk/vol1/run/ERR166/ERR1664725/FS879_RNA_AAGACG_L002_R1_006.fastq.gz;ftp.sra.ebi.ac.uk/vol1/run/ERR166/ERR1664725/FS879_RNA_AAGACG_L002_R2_006.fastq.gz	FS879-RNA
ERR1664726	SAMEA4473433	652676	hydrothermal vent metagenome	ftp.sra.ebi.ac.uk/vol1/run/ERR166/ERR1664726/FS881_RNA_CCTCGG_L002_R1_001.fastq.gz;ftp.sra.ebi.ac.uk/vol1/run/ERR166/ERR1664726/FS881_RNA_CCTCGG_L002_R2_001.fastq.gz	FS881-RNA
ERR5957044	SAMEA8800960	155863	Methanothermococcus okinawensis	ftp.sra.ebi.ac.uk/vol1/run/ERR595/ERR5957044/MidCaymanRise_DCO_Methanothermococcus_SAGs-C09-QUALITY_PASSED_R1.fastq.gz;ftp.sra.ebi.ac.uk/vol1/run/ERR595/ERR5957044/MidCaymanRise_DCO_Methanothermococcus_SAGs-C09-QUALITY_PASSED_R2.fastq.gz	SCGC AD-155-C09
ERR1662183	SAMEA4470834	652676	hydrothermal vent metagenome	ftp.sra.ebi.ac.uk/vol1/run/ERR166/ERR1662183/FS841_AAGGGA_L005_R1_001.fastq.gz;ftp.sra.ebi.ac.uk/vol1/run/ERR166/ERR1662183/FS841_AAGGGA_L005_R2_001.fastq.gz	FS841
ERR1662185	SAMEA4470834	652676	hydrothermal vent metagenome	ftp.sra.ebi.ac.uk/vol1/run/ERR166/ERR1662185/FS841_AAGGGA_L006_R1_004.fastq.gz;ftp.sra.ebi.ac.uk/vol1/run/ERR166/ERR1662185/FS841_AAGGGA_L006_R2_004.fastq.gz	FS841
ERR1662188	SAMEA4470834	652676	hydrothermal vent metagenome	ftp.sra.ebi.ac.uk/vol1/run/ERR166/ERR1662188/FS841_AAGGGA_L005_R1_002.fastq.gz;ftp.sra.ebi.ac.uk/vol1/run/ERR166/ERR1662188/FS841_AAGGGA_L005_R2_002.fastq.gz	FS841
ERR1662189	SAMEA4470834	652676	hydrothermal vent metagenome	ftp.sra.ebi.ac.uk/vol1/run/ERR166/ERR1662189/FS841_AAGGGA_L006_R1_001.fastq.gz;ftp.sra.ebi.ac.uk/vol1/run/ERR166/ERR1662189/FS841_AAGGGA_L006_R2_001.fastq.gz	FS841
ERR1662190	SAMEA4470834	652676	hydrothermal vent metagenome	ftp.sra.ebi.ac.uk/vol1/run/ERR166/ERR1662190/FS841_AAGGGA_L006_R1_005.fastq.gz;ftp.sra.ebi.ac.uk/vol1/run/ERR166/ERR1662190/FS841_AAGGGA_L006_R2_005.fastq.gz	FS841
ERR1662191	SAMEA4470834	652676	hydrothermal vent metagenome	ftp.sra.ebi.ac.uk/vol1/run/ERR166/ERR1662191/FS841_AAGGGA_L003_R1_003.fastq.gz;ftp.sra.ebi.ac.uk/vol1/run/ERR166/ERR1662191/FS841_AAGGGA_L003_R2_003.fastq.gz	FS841
ERR1662192	SAMEA4470834	652676	hydrothermal vent metagenome	ftp.sra.ebi.ac.uk/vol1/run/ERR166/ERR1662192/FS841_AAGGGA_L004_R1_004.fastq.gz;ftp.sra.ebi.ac.uk/vol1/run/ERR166/ERR1662192/FS841_AAGGGA_L004_R2_004.fastq.gz	FS841
ERR1662198	SAMEA4470834	652676	hydrothermal vent metagenome	ftp.sra.ebi.ac.uk/vol1/run/ERR166/ERR1662198/FS841_AAGGGA_L006_R1_003.fastq.gz;ftp.sra.ebi.ac.uk/vol1/run/ERR166/ERR1662198/FS841_AAGGGA_L006_R2_003.fastq.gz	FS841
ERR1662199	SAMEA4470838	652676	hydrothermal vent metagenome	ftp.sra.ebi.ac.uk/vol1/run/ERR166/ERR1662199/FS849_CCTTCA_L003_R1_001.fastq.gz;ftp.sra.ebi.ac.uk/vol1/run/ERR166/ERR1662199/FS849_CCTTCA_L003_R2_001.fastq.gz	FS849
ERR1662202	SAMEA4470838	652676	hydrothermal vent metagenome	ftp.sra.ebi.ac.uk/vol1/run/ERR166/ERR1662202/FS849_CCTTCA_L003_R1_002.fastq.gz;ftp.sra.ebi.ac.uk/vol1/run/ERR166/ERR1662202/FS849_CCTTCA_L003_R2_002.fastq.gz	FS849
ERR1662212	SAMEA4470839	652676	hydrothermal vent metagenome	ftp.sra.ebi.ac.uk/vol1/run/ERR166/ERR1662212/FS851_GGACCC_L003_R1_002.fastq.gz;ftp.sra.ebi.ac.uk/vol1/run/ERR166/ERR1662212/FS851_GGACCC_L003_R2_002.fastq.gz	FS851
ERR1662214	SAMEA4470839	652676	hydrothermal vent metagenome	ftp.sra.ebi.ac.uk/vol1/run/ERR166/ERR1662214/FS851_GGACCC_L005_R1_005.fastq.gz;ftp.sra.ebi.ac.uk/vol1/run/ERR166/ERR1662214/FS851_GGACCC_L005_R2_005.fastq.gz	FS851
ERR1662218	SAMEA4470839	652676	hydrothermal vent metagenome	ftp.sra.ebi.ac.uk/vol1/run/ERR166/ERR1662218/FS851_GGACCC_L005_R1_006.fastq.gz;ftp.sra.ebi.ac.uk/vol1/run/ERR166/ERR1662218/FS851_GGACCC_L005_R2_006.fastq.gz	FS851
ERR1662219	SAMEA4470839	652676	hydrothermal vent metagenome	ftp.sra.ebi.ac.uk/vol1/run/ERR166/ERR1662219/FS851_GGACCC_L006_R1_006.fastq.gz;ftp.sra.ebi.ac.uk/vol1/run/ERR166/ERR1662219/FS851_GGACCC_L006_R2_006.fastq.gz	FS851
ERR1662223	SAMEA4470839	652676	hydrothermal vent metagenome	ftp.sra.ebi.ac.uk/vol1/run/ERR166/ERR1662223/FS851_GGACCC_L006_R1_007.fastq.gz;ftp.sra.ebi.ac.uk/vol1/run/ERR166/ERR1662223/FS851_GGACCC_L006_R2_007.fastq.gz	FS851
ERR1662224	SAMEA4470839	652676	hydrothermal vent metagenome	ftp.sra.ebi.ac.uk/vol1/run/ERR166/ERR1662224/FS851_GGACCC_L004_R1_001.fastq.gz;ftp.sra.ebi.ac.uk/vol1/run/ERR166/ERR1662224/FS851_GGACCC_L004_R2_001.fastq.gz	FS851
ERR1662227	SAMEA4470839	652676	hydrothermal vent metagenome	ftp.sra.ebi.ac.uk/vol1/run/ERR166/ERR1662227/FS851_GGACCC_L004_R1_002.fastq.gz;ftp.sra.ebi.ac.uk/vol1/run/ERR166/ERR1662227/FS851_GGACCC_L004_R2_002.fastq.gz	FS851
ERR1662228	SAMEA4470839	652676	hydrothermal vent metagenome	ftp.sra.ebi.ac.uk/vol1/run/ERR166/ERR1662228/FS851_GGACCC_L005_R1_002.fastq.gz;ftp.sra.ebi.ac.uk/vol1/run/ERR166/ERR1662228/FS851_GGACCC_L005_R2_002.fastq.gz	FS851
ERR1662232	SAMEA4470839	652676	hydrothermal vent metagenome	ftp.sra.ebi.ac.uk/vol1/run/ERR166/ERR1662232/FS851_GGACCC_L006_R1_003.fastq.gz;ftp.sra.ebi.ac.uk/vol1/run/ERR166/ERR1662232/FS851_GGACCC_L006_R2_003.fastq.gz	FS851
ERR1662233	SAMEA4470840	652676	hydrothermal vent metagenome	ftp.sra.ebi.ac.uk/vol1/run/ERR166/ERR1662233/FS852_TTCAGC_L003_R1_001.fastq.gz;ftp.sra.ebi.ac.uk/vol1/run/ERR166/ERR1662233/FS852_TTCAGC_L003_R2_001.fastq.gz	FS852
ERR1662234	SAMEA4470840	652676	hydrothermal vent metagenome	ftp.sra.ebi.ac.uk/vol1/run/ERR166/ERR1662234/FS852_TTCAGC_L004_R1_001.fastq.gz;ftp.sra.ebi.ac.uk/vol1/run/ERR166/ERR1662234/FS852_TTCAGC_L004_R2_001.fastq.gz	FS852
ERR1662240	SAMEA4470840	652676	hydrothermal vent metagenome	ftp.sra.ebi.ac.uk/vol1/run/ERR166/ERR1662240/FS852_TTCAGC_L006_R1_002.fastq.gz;ftp.sra.ebi.ac.uk/vol1/run/ERR166/ERR1662240/FS852_TTCAGC_L006_R2_002.fastq.gz	FS852
ERR1662241	SAMEA4470840	652676	hydrothermal vent metagenome	ftp.sra.ebi.ac.uk/vol1/run/ERR166/ERR1662241/FS852_TTCAGC_L003_R1_003.fastq.gz;ftp.sra.ebi.ac.uk/vol1/run/ERR166/ERR1662241/FS852_TTCAGC_L003_R2_003.fastq.gz	FS852
ERR1662242	SAMEA4470840	652676	hydrothermal vent metagenome	ftp.sra.ebi.ac.uk/vol1/run/ERR166/ERR1662242/FS852_TTCAGC_L004_R1_003.fastq.gz;ftp.sra.ebi.ac.uk/vol1/run/ERR166/ERR1662242/FS852_TTCAGC_L004_R2_003.fastq.gz	FS852
ERR1662247	SAMEA4470843	652676	hydrothermal vent metagenome	ftp.sra.ebi.ac.uk/vol1/run/ERR166/ERR1662247/FS866_TTCGCT_L005_R1_001.fastq.gz;ftp.sra.ebi.ac.uk/vol1/run/ERR166/ERR1662247/FS866_TTCGCT_L005_R2_001.fastq.gz	FS866
ERR1662249	SAMEA4470843	652676	hydrothermal vent metagenome	ftp.sra.ebi.ac.uk/vol1/run/ERR166/ERR1662249/FS866_TTCGCT_L003_R1_002.fastq.gz;ftp.sra.ebi.ac.uk/vol1/run/ERR166/ERR1662249/FS866_TTCGCT_L003_R2_002.fastq.gz	FS866
ERR1662252	SAMEA4470843	652676	hydrothermal vent metagenome	ftp.sra.ebi.ac.uk/vol1/run/ERR166/ERR1662252/FS866_TTCGCT_L003_R1_003.fastq.gz;ftp.sra.ebi.ac.uk/vol1/run/ERR166/ERR1662252/FS866_TTCGCT_L003_R2_003.fastq.gz	FS866
ERR1662257	SAMEA4470844	652676	hydrothermal vent metagenome	ftp.sra.ebi.ac.uk/vol1/run/ERR166/ERR1662257/FS872_AAGACG_L005_R1_002.fastq.gz;ftp.sra.ebi.ac.uk/vol1/run/ERR166/ERR1662257/FS872_AAGACG_L005_R2_002.fastq.gz	FS872
ERR1662258	SAMEA4470844	652676	hydrothermal vent metagenome	ftp.sra.ebi.ac.uk/vol1/run/ERR166/ERR1662258/FS872_AAGACG_L006_R1_002.fastq.gz;ftp.sra.ebi.ac.uk/vol1/run/ERR166/ERR1662258/FS872_AAGACG_L006_R2_002.fastq.gz	FS872
ERR1662259	SAMEA4470844	652676	hydrothermal vent metagenome	ftp.sra.ebi.ac.uk/vol1/run/ERR166/ERR1662259/FS872_AAGACG_L003_R1_002.fastq.gz;ftp.sra.ebi.ac.uk/vol1/run/ERR166/ERR1662259/FS872_AAGACG_L003_R2_002.fastq.gz	FS872
ERR1662261	SAMEA4470844	652676	hydrothermal vent metagenome	ftp.sra.ebi.ac.uk/vol1/run/ERR166/ERR1662261/FS872_AAGACG_L005_R1_003.fastq.gz;ftp.sra.ebi.ac.uk/vol1/run/ERR166/ERR1662261/FS872_AAGACG_L005_R2_003.fastq.gz	FS872
ERR1662262	SAMEA4470844	652676	hydrothermal vent metagenome	ftp.sra.ebi.ac.uk/vol1/run/ERR166/ERR1662262/FS872_AAGACG_L006_R1_003.fastq.gz;ftp.sra.ebi.ac.uk/vol1/run/ERR166/ERR1662262/FS872_AAGACG_L006_R2_003.fastq.gz	FS872
ERR1662263	SAMEA4470844	652676	hydrothermal vent metagenome	ftp.sra.ebi.ac.uk/vol1/run/ERR166/ERR1662263/FS872_AAGACG_L003_R1_003.fastq.gz;ftp.sra.ebi.ac.uk/vol1/run/ERR166/ERR1662263/FS872_AAGACG_L003_R2_003.fastq.gz	FS872
ERR1662264	SAMEA4470844	652676	hydrothermal vent metagenome	ftp.sra.ebi.ac.uk/vol1/run/ERR166/ERR1662264/FS872_AAGACG_L004_R1_004.fastq.gz;ftp.sra.ebi.ac.uk/vol1/run/ERR166/ERR1662264/FS872_AAGACG_L004_R2_004.fastq.gz	FS872
ERR1662265	SAMEA4470844	652676	hydrothermal vent metagenome	ftp.sra.ebi.ac.uk/vol1/run/ERR166/ERR1662265/FS872_AAGACG_L005_R1_004.fastq.gz;ftp.sra.ebi.ac.uk/vol1/run/ERR166/ERR1662265/FS872_AAGACG_L005_R2_004.fastq.gz	FS872
ERR1662275	SAMEA4470845	652676	hydrothermal vent metagenome	ftp.sra.ebi.ac.uk/vol1/run/ERR166/ERR1662275/FS874_CCTCGG_L004_R1_004.fastq.gz;ftp.sra.ebi.ac.uk/vol1/run/ERR166/ERR1662275/FS874_CCTCGG_L004_R2_004.fastq.gz	FS874
ERR1662276	SAMEA4470845	652676	hydrothermal vent metagenome	ftp.sra.ebi.ac.uk/vol1/run/ERR166/ERR1662276/FS874_CCTCGG_L005_R1_003.fastq.gz;ftp.sra.ebi.ac.uk/vol1/run/ERR166/ERR1662276/FS874_CCTCGG_L005_R2_003.fastq.gz	FS874
ERR1662277	SAMEA4470845	652676	hydrothermal vent metagenome	ftp.sra.ebi.ac.uk/vol1/run/ERR166/ERR1662277/FS874_CCTCGG_L006_R1_002.fastq.gz;ftp.sra.ebi.ac.uk/vol1/run/ERR166/ERR1662277/FS874_CCTCGG_L006_R2_002.fastq.gz	FS874
ERR1662279	SAMEA4470845	652676	hydrothermal vent metagenome	ftp.sra.ebi.ac.uk/vol1/run/ERR166/ERR1662279/FS874_CCTCGG_L004_R1_005.fastq.gz;ftp.sra.ebi.ac.uk/vol1/run/ERR166/ERR1662279/FS874_CCTCGG_L004_R2_005.fastq.gz	FS874
ERR1662282	SAMEA4470845	652676	hydrothermal vent metagenome	ftp.sra.ebi.ac.uk/vol1/run/ERR166/ERR1662282/FS874_CCTCGG_L004_R1_001.fastq.gz;ftp.sra.ebi.ac.uk/vol1/run/ERR166/ERR1662282/FS874_CCTCGG_L004_R2_001.fastq.gz	FS874
ERR1662283	SAMEA4470845	652676	hydrothermal vent metagenome	ftp.sra.ebi.ac.uk/vol1/run/ERR166/ERR1662283/FS874_CCTCGG_L004_R1_006.fastq.gz;ftp.sra.ebi.ac.uk/vol1/run/ERR166/ERR1662283/FS874_CCTCGG_L004_R2_006.fastq.gz	FS874
ERR1662286	SAMEA4470845	652676	hydrothermal vent metagenome	ftp.sra.ebi.ac.uk/vol1/run/ERR166/ERR1662286/FS874_CCTCGG_L004_R1_002.fastq.gz;ftp.sra.ebi.ac.uk/vol1/run/ERR166/ERR1662286/FS874_CCTCGG_L004_R2_002.fastq.gz	FS874
ERR1662288	SAMEA4470845	652676	hydrothermal vent metagenome	ftp.sra.ebi.ac.uk/vol1/run/ERR166/ERR1662288/FS874_CCTCGG_L005_R1_006.fastq.gz;ftp.sra.ebi.ac.uk/vol1/run/ERR166/ERR1662288/FS874_CCTCGG_L005_R2_006.fastq.gz	FS874
ERR1662291	SAMEA4470846	652676	hydrothermal vent metagenome	ftp.sra.ebi.ac.uk/vol1/run/ERR166/ERR1662291/FS877_GGATGT_L004_R1_005.fastq.gz;ftp.sra.ebi.ac.uk/vol1/run/ERR166/ERR1662291/FS877_GGATGT_L004_R2_005.fastq.gz	FS877
ERR1662300	SAMEA4470846	652676	hydrothermal vent metagenome	ftp.sra.ebi.ac.uk/vol1/run/ERR166/ERR1662300/FS877_GGATGT_L005_R1_006.fastq.gz;ftp.sra.ebi.ac.uk/vol1/run/ERR166/ERR1662300/FS877_GGATGT_L005_R2_006.fastq.gz	FS877
ERR1662308	SAMEA4470846	652676	hydrothermal vent metagenome	ftp.sra.ebi.ac.uk/vol1/run/ERR166/ERR1662308/FS877_GGATGT_L005_R1_008.fastq.gz;ftp.sra.ebi.ac.uk/vol1/run/ERR166/ERR1662308/FS877_GGATGT_L005_R2_008.fastq.gz	FS877
ERR1662309	SAMEA4470846	652676	hydrothermal vent metagenome	ftp.sra.ebi.ac.uk/vol1/run/ERR166/ERR1662309/FS877_GGATGT_L006_R1_007.fastq.gz;ftp.sra.ebi.ac.uk/vol1/run/ERR166/ERR1662309/FS877_GGATGT_L006_R2_007.fastq.gz	FS877
ERR1662313	SAMEA4470846	652676	hydrothermal vent metagenome	ftp.sra.ebi.ac.uk/vol1/run/ERR166/ERR1662313/FS877_GGATGT_L006_R1_008.fastq.gz;ftp.sra.ebi.ac.uk/vol1/run/ERR166/ERR1662313/FS877_GGATGT_L006_R2_008.fastq.gz	FS877
ERR1662314	SAMEA4470846	652676	hydrothermal vent metagenome	ftp.sra.ebi.ac.uk/vol1/run/ERR166/ERR1662314/FS877_GGATGT_L003_R1_007.fastq.gz;ftp.sra.ebi.ac.uk/vol1/run/ERR166/ERR1662314/FS877_GGATGT_L003_R2_007.fastq.gz	FS877
ERR1662317	SAMEA4470846	652676	hydrothermal vent metagenome	ftp.sra.ebi.ac.uk/vol1/run/ERR166/ERR1662317/FS877_GGATGT_L006_R1_009.fastq.gz;ftp.sra.ebi.ac.uk/vol1/run/ERR166/ERR1662317/FS877_GGATGT_L006_R2_009.fastq.gz	FS877
ERR1662320	SAMEA4470846	652676	hydrothermal vent metagenome	ftp.sra.ebi.ac.uk/vol1/run/ERR166/ERR1662320/FS877_GGATGT_L005_R1_011.fastq.gz;ftp.sra.ebi.ac.uk/vol1/run/ERR166/ERR1662320/FS877_GGATGT_L005_R2_011.fastq.gz	FS877
ERR1662327	SAMEA4470846	652676	hydrothermal vent metagenome	ftp.sra.ebi.ac.uk/vol1/run/ERR166/ERR1662327/FS877_GGATGT_L005_R1_002.fastq.gz;ftp.sra.ebi.ac.uk/vol1/run/ERR166/ERR1662327/FS877_GGATGT_L005_R2_002.fastq.gz	FS877
ERR1662331	SAMEA4470846	652676	hydrothermal vent metagenome	ftp.sra.ebi.ac.uk/vol1/run/ERR166/ERR1662331/FS877_GGATGT_L005_R1_003.fastq.gz;ftp.sra.ebi.ac.uk/vol1/run/ERR166/ERR1662331/FS877_GGATGT_L005_R2_003.fastq.gz	FS877
ERR1662332	SAMEA4470846	652676	hydrothermal vent metagenome	ftp.sra.ebi.ac.uk/vol1/run/ERR166/ERR1662332/FS877_GGATGT_L006_R1_002.fastq.gz;ftp.sra.ebi.ac.uk/vol1/run/ERR166/ERR1662332/FS877_GGATGT_L006_R2_002.fastq.gz	FS877
ERR1662336	SAMEA4470847	652676	hydrothermal vent metagenome	ftp.sra.ebi.ac.uk/vol1/run/ERR166/ERR1662336/FS879_ACACGA_L006_R1_002.fastq.gz;ftp.sra.ebi.ac.uk/vol1/run/ERR166/ERR1662336/FS879_ACACGA_L006_R2_002.fastq.gz	FS879
ERR1662337	SAMEA4470847	652676	hydrothermal vent metagenome	ftp.sra.ebi.ac.uk/vol1/run/ERR166/ERR1662337/FS879_ACACGA_L003_R1_002.fastq.gz;ftp.sra.ebi.ac.uk/vol1/run/ERR166/ERR1662337/FS879_ACACGA_L003_R2_002.fastq.gz	FS879
ERR1662338	SAMEA4470847	652676	hydrothermal vent metagenome	ftp.sra.ebi.ac.uk/vol1/run/ERR166/ERR1662338/FS879_ACACGA_L004_R1_001.fastq.gz;ftp.sra.ebi.ac.uk/vol1/run/ERR166/ERR1662338/FS879_ACACGA_L004_R2_001.fastq.gz	FS879
ERR1662340	SAMEA4470847	652676	hydrothermal vent metagenome	ftp.sra.ebi.ac.uk/vol1/run/ERR166/ERR1662340/FS879_ACACGA_L003_R1_003.fastq.gz;ftp.sra.ebi.ac.uk/vol1/run/ERR166/ERR1662340/FS879_ACACGA_L003_R2_003.fastq.gz	FS879
ERR1662345	SAMEA4470848	652676	hydrothermal vent metagenome	ftp.sra.ebi.ac.uk/vol1/run/ERR166/ERR1662345/FS881_CACACA_L004_R1_002.fastq.gz;ftp.sra.ebi.ac.uk/vol1/run/ERR166/ERR1662345/FS881_CACACA_L004_R2_002.fastq.gz	FS881
ERR1662346	SAMEA4470848	652676	hydrothermal vent metagenome	ftp.sra.ebi.ac.uk/vol1/run/ERR166/ERR1662346/FS881_CACACA_L004_R1_011.fastq.gz;ftp.sra.ebi.ac.uk/vol1/run/ERR166/ERR1662346/FS881_CACACA_L004_R2_011.fastq.gz	FS881
ERR1662356	SAMEA4470848	652676	hydrothermal vent metagenome	ftp.sra.ebi.ac.uk/vol1/run/ERR166/ERR1662356/FS881_CACACA_L003_R1_012.fastq.gz;ftp.sra.ebi.ac.uk/vol1/run/ERR166/ERR1662356/FS881_CACACA_L003_R2_012.fastq.gz	FS881
ERR1662357	SAMEA4470848	652676	hydrothermal vent metagenome	ftp.sra.ebi.ac.uk/vol1/run/ERR166/ERR1662357/FS881_CACACA_L004_R1_004.fastq.gz;ftp.sra.ebi.ac.uk/vol1/run/ERR166/ERR1662357/FS881_CACACA_L004_R2_004.fastq.gz	FS881
ERR1662362	SAMEA4470848	652676	hydrothermal vent metagenome	ftp.sra.ebi.ac.uk/vol1/run/ERR166/ERR1662362/FS881_CACACA_L003_R1_013.fastq.gz;ftp.sra.ebi.ac.uk/vol1/run/ERR166/ERR1662362/FS881_CACACA_L003_R2_013.fastq.gz	FS881
ERR1662363	SAMEA4470848	652676	hydrothermal vent metagenome	ftp.sra.ebi.ac.uk/vol1/run/ERR166/ERR1662363/FS881_CACACA_L004_R1_005.fastq.gz;ftp.sra.ebi.ac.uk/vol1/run/ERR166/ERR1662363/FS881_CACACA_L004_R2_005.fastq.gz	FS881
ERR1662382	SAMEA4470848	652676	hydrothermal vent metagenome	ftp.sra.ebi.ac.uk/vol1/run/ERR166/ERR1662382/FS881_CACACA_L006_R1_004.fastq.gz;ftp.sra.ebi.ac.uk/vol1/run/ERR166/ERR1662382/FS881_CACACA_L006_R2_004.fastq.gz	FS881
ERR1662383	SAMEA4470848	652676	hydrothermal vent metagenome	ftp.sra.ebi.ac.uk/vol1/run/ERR166/ERR1662383/FS881_CACACA_L003_R1_008.fastq.gz;ftp.sra.ebi.ac.uk/vol1/run/ERR166/ERR1662383/FS881_CACACA_L003_R2_008.fastq.gz	FS881
ERR1662388	SAMEA4470848	652676	hydrothermal vent metagenome	ftp.sra.ebi.ac.uk/vol1/run/ERR166/ERR1662388/FS881_CACACA_L003_R1_009.fastq.gz;ftp.sra.ebi.ac.uk/vol1/run/ERR166/ERR1662388/FS881_CACACA_L003_R2_009.fastq.gz	FS881
ERR1662389	SAMEA4470848	652676	hydrothermal vent metagenome	ftp.sra.ebi.ac.uk/vol1/run/ERR166/ERR1662389/FS881_CACACA_L004_R1_001.fastq.gz;ftp.sra.ebi.ac.uk/vol1/run/ERR166/ERR1662389/FS881_CACACA_L004_R2_001.fastq.gz	FS881
ERR1662392	SAMEA4470848	652676	hydrothermal vent metagenome	ftp.sra.ebi.ac.uk/vol1/run/ERR166/ERR1662392/FS881_CACACA_L006_R1_006.fastq.gz;ftp.sra.ebi.ac.uk/vol1/run/ERR166/ERR1662392/FS881_CACACA_L006_R2_006.fastq.gz	FS881
ERR1662395	SAMEA4470835	652676	hydrothermal vent metagenome	ftp.sra.ebi.ac.uk/vol1/run/ERR166/ERR1662395/run2_FS842_GGACCC_L005_R1_002.fastq.gz;ftp.sra.ebi.ac.uk/vol1/run/ERR166/ERR1662395/run2_FS842_GGACCC_L005_R2_002.fastq.gz	FS842
ERR1662398	SAMEA4470835	652676	hydrothermal vent metagenome	ftp.sra.ebi.ac.uk/vol1/run/ERR166/ERR1662398/run2_FS842_GGACCC_L004_R1_002.fastq.gz;ftp.sra.ebi.ac.uk/vol1/run/ERR166/ERR1662398/run2_FS842_GGACCC_L004_R2_002.fastq.gz	FS842
ERR1662400	SAMEA4470835	652676	hydrothermal vent metagenome	ftp.sra.ebi.ac.uk/vol1/run/ERR166/ERR1662400/run2_FS842_GGACCC_L006_R1_004.fastq.gz;ftp.sra.ebi.ac.uk/vol1/run/ERR166/ERR1662400/run2_FS842_GGACCC_L006_R2_004.fastq.gz	FS842
ERR1662402	SAMEA4470835	652676	hydrothermal vent metagenome	ftp.sra.ebi.ac.uk/vol1/run/ERR166/ERR1662402/run2_FS842_GGACCC_L004_R1_003.fastq.gz;ftp.sra.ebi.ac.uk/vol1/run/ERR166/ERR1662402/run2_FS842_GGACCC_L004_R2_003.fastq.gz	FS842
ERR1662403	SAMEA4470835	652676	hydrothermal vent metagenome	ftp.sra.ebi.ac.uk/vol1/run/ERR166/ERR1662403/run2_FS842_GGACCC_L005_R1_004.fastq.gz;ftp.sra.ebi.ac.uk/vol1/run/ERR166/ERR1662403/run2_FS842_GGACCC_L005_R2_004.fastq.gz	FS842
ERR1662404	SAMEA4470835	652676	hydrothermal vent metagenome	ftp.sra.ebi.ac.uk/vol1/run/ERR166/ERR1662404/run2_FS842_GGACCC_L006_R1_005.fastq.gz;ftp.sra.ebi.ac.uk/vol1/run/ERR166/ERR1662404/run2_FS842_GGACCC_L006_R2_005.fastq.gz	FS842
ERR1662409	SAMEA4470835	652676	hydrothermal vent metagenome	ftp.sra.ebi.ac.uk/vol1/run/ERR166/ERR1662409/run2_FS842_GGACCC_L004_R1_005.fastq.gz;ftp.sra.ebi.ac.uk/vol1/run/ERR166/ERR1662409/run2_FS842_GGACCC_L004_R2_005.fastq.gz	FS842
ERR1662410	SAMEA4470835	652676	hydrothermal vent metagenome	ftp.sra.ebi.ac.uk/vol1/run/ERR166/ERR1662410/run2_FS842_GGACCC_L006_R1_001.fastq.gz;ftp.sra.ebi.ac.uk/vol1/run/ERR166/ERR1662410/run2_FS842_GGACCC_L006_R2_001.fastq.gz	FS842
ERR1662411	SAMEA4470835	652676	hydrothermal vent metagenome	ftp.sra.ebi.ac.uk/vol1/run/ERR166/ERR1662411/run1_FS842_GGACCC_L006_R1_006.fastq.gz;ftp.sra.ebi.ac.uk/vol1/run/ERR166/ERR1662411/run1_FS842_GGACCC_L006_R2_006.fastq.gz	FS842
ERR1662416	SAMEA4470836	652676	hydrothermal vent metagenome	ftp.sra.ebi.ac.uk/vol1/run/ERR166/ERR1662416/run2_FS844_TTCAGC_L005_R1_005.fastq.gz;ftp.sra.ebi.ac.uk/vol1/run/ERR166/ERR1662416/run2_FS844_TTCAGC_L005_R2_005.fastq.gz	FS844
ERR1662419	SAMEA4470836	652676	hydrothermal vent metagenome	ftp.sra.ebi.ac.uk/vol1/run/ERR166/ERR1662419/run2_FS844_TTCAGC_L004_R1_006.fastq.gz;ftp.sra.ebi.ac.uk/vol1/run/ERR166/ERR1662419/run2_FS844_TTCAGC_L004_R2_006.fastq.gz	FS844
ERR1662420	SAMEA4470836	652676	hydrothermal vent metagenome	ftp.sra.ebi.ac.uk/vol1/run/ERR166/ERR1662420/run2_FS844_TTCAGC_L005_R1_006.fastq.gz;ftp.sra.ebi.ac.uk/vol1/run/ERR166/ERR1662420/run2_FS844_TTCAGC_L005_R2_006.fastq.gz	FS844
ERR1662423	SAMEA4470836	652676	hydrothermal vent metagenome	ftp.sra.ebi.ac.uk/vol1/run/ERR166/ERR1662423/run2_FS844_TTCAGC_L004_R1_007.fastq.gz;ftp.sra.ebi.ac.uk/vol1/run/ERR166/ERR1662423/run2_FS844_TTCAGC_L004_R2_007.fastq.gz	FS844
ERR1662425	SAMEA4470836	652676	hydrothermal vent metagenome	ftp.sra.ebi.ac.uk/vol1/run/ERR166/ERR1662425/run2_FS844_TTCAGC_L006_R1_007.fastq.gz;ftp.sra.ebi.ac.uk/vol1/run/ERR166/ERR1662425/run2_FS844_TTCAGC_L006_R2_007.fastq.gz	FS844
ERR1662428	SAMEA4470836	652676	hydrothermal vent metagenome	ftp.sra.ebi.ac.uk/vol1/run/ERR166/ERR1662428/run2_FS844_TTCAGC_L005_R1_008.fastq.gz;ftp.sra.ebi.ac.uk/vol1/run/ERR166/ERR1662428/run2_FS844_TTCAGC_L005_R2_008.fastq.gz	FS844
ERR1662429	SAMEA4470836	652676	hydrothermal vent metagenome	ftp.sra.ebi.ac.uk/vol1/run/ERR166/ERR1662429/run2_FS844_TTCAGC_L006_R1_008.fastq.gz;ftp.sra.ebi.ac.uk/vol1/run/ERR166/ERR1662429/run2_FS844_TTCAGC_L006_R2_008.fastq.gz	FS844
ERR1662433	SAMEA4470836	652676	hydrothermal vent metagenome	ftp.sra.ebi.ac.uk/vol1/run/ERR166/ERR1662433/run2_FS844_TTCAGC_L006_R1_009.fastq.gz;ftp.sra.ebi.ac.uk/vol1/run/ERR166/ERR1662433/run2_FS844_TTCAGC_L006_R2_009.fastq.gz	FS844
ERR1662435	SAMEA4470836	652676	hydrothermal vent metagenome	ftp.sra.ebi.ac.uk/vol1/run/ERR166/ERR1662435/run2_FS844_TTCAGC_L005_R1_002.fastq.gz;ftp.sra.ebi.ac.uk/vol1/run/ERR166/ERR1662435/run2_FS844_TTCAGC_L005_R2_002.fastq.gz	FS844
ERR1662440	SAMEA4470836	652676	hydrothermal vent metagenome	ftp.sra.ebi.ac.uk/vol1/run/ERR166/ERR1662440/run2_FS844_TTCAGC_L004_R1_004.fastq.gz;ftp.sra.ebi.ac.uk/vol1/run/ERR166/ERR1662440/run2_FS844_TTCAGC_L004_R2_004.fastq.gz	FS844
ERR1662445	SAMEA4470837	652676	hydrothermal vent metagenome	ftp.sra.ebi.ac.uk/vol1/run/ERR166/ERR1662445/run2_FS848_AAGACG_L005_R1_002.fastq.gz;ftp.sra.ebi.ac.uk/vol1/run/ERR166/ERR1662445/run2_FS848_AAGACG_L005_R2_002.fastq.gz	FS848
ERR1662452	SAMEA4470837	652676	hydrothermal vent metagenome	ftp.sra.ebi.ac.uk/vol1/run/ERR166/ERR1662452/run2_FS848_AAGACG_L004_R1_004.fastq.gz;ftp.sra.ebi.ac.uk/vol1/run/ERR166/ERR1662452/run2_FS848_AAGACG_L004_R2_004.fastq.gz	FS848
ERR1662455	SAMEA4470837	652676	hydrothermal vent metagenome	ftp.sra.ebi.ac.uk/vol1/run/ERR166/ERR1662455/run1_FS848_AAGACG_L006_R1_004.fastq.gz;ftp.sra.ebi.ac.uk/vol1/run/ERR166/ERR1662455/run1_FS848_AAGACG_L006_R2_004.fastq.gz	FS848
ERR1662456	SAMEA4470837	652676	hydrothermal vent metagenome	ftp.sra.ebi.ac.uk/vol1/run/ERR166/ERR1662456/run2_FS848_AAGACG_L004_R1_005.fastq.gz;ftp.sra.ebi.ac.uk/vol1/run/ERR166/ERR1662456/run2_FS848_AAGACG_L004_R2_005.fastq.gz	FS848
ERR1662472	SAMEA4470841	652676	hydrothermal vent metagenome	ftp.sra.ebi.ac.uk/vol1/run/ERR166/ERR1662472/run2_FS854_CCTCGG_L005_R1_004.fastq.gz;ftp.sra.ebi.ac.uk/vol1/run/ERR166/ERR1662472/run2_FS854_CCTCGG_L005_R2_004.fastq.gz	FS854
ERR1662473	SAMEA4470841	652676	hydrothermal vent metagenome	ftp.sra.ebi.ac.uk/vol1/run/ERR166/ERR1662473/run2_FS854_CCTCGG_L006_R1_004.fastq.gz;ftp.sra.ebi.ac.uk/vol1/run/ERR166/ERR1662473/run2_FS854_CCTCGG_L006_R2_004.fastq.gz	FS854
ERR1662477	SAMEA4470841	652676	hydrothermal vent metagenome	ftp.sra.ebi.ac.uk/vol1/run/ERR166/ERR1662477/run2_FS854_CCTCGG_L006_R1_005.fastq.gz;ftp.sra.ebi.ac.uk/vol1/run/ERR166/ERR1662477/run2_FS854_CCTCGG_L006_R2_005.fastq.gz	FS854
ERR1662486	SAMEA4470841	652676	hydrothermal vent metagenome	ftp.sra.ebi.ac.uk/vol1/run/ERR166/ERR1662486/run1_FS854_CCTCGG_L006_R1_006.fastq.gz;ftp.sra.ebi.ac.uk/vol1/run/ERR166/ERR1662486/run1_FS854_CCTCGG_L006_R2_006.fastq.gz	FS854
ERR1662488	SAMEA4470841	652676	hydrothermal vent metagenome	ftp.sra.ebi.ac.uk/vol1/run/ERR166/ERR1662488/run2_FS854_CCTCGG_L005_R1_008.fastq.gz;ftp.sra.ebi.ac.uk/vol1/run/ERR166/ERR1662488/run2_FS854_CCTCGG_L005_R2_008.fastq.gz	FS854
ERR1662489	SAMEA4470841	652676	hydrothermal vent metagenome	ftp.sra.ebi.ac.uk/vol1/run/ERR166/ERR1662489/run2_FS854_CCTCGG_L006_R1_008.fastq.gz;ftp.sra.ebi.ac.uk/vol1/run/ERR166/ERR1662489/run2_FS854_CCTCGG_L006_R2_008.fastq.gz	FS854
ERR1662494	SAMEA4470841	652676	hydrothermal vent metagenome	ftp.sra.ebi.ac.uk/vol1/run/ERR166/ERR1662494/run1_FS854_CCTCGG_L006_R1_008.fastq.gz;ftp.sra.ebi.ac.uk/vol1/run/ERR166/ERR1662494/run1_FS854_CCTCGG_L006_R2_008.fastq.gz	FS854
ERR1662497	SAMEA4470841	652676	hydrothermal vent metagenome	ftp.sra.ebi.ac.uk/vol1/run/ERR166/ERR1662497/run2_FS854_CCTCGG_L006_R1_010.fastq.gz;ftp.sra.ebi.ac.uk/vol1/run/ERR166/ERR1662497/run2_FS854_CCTCGG_L006_R2_010.fastq.gz	FS854
ERR1662498	SAMEA4470841	652676	hydrothermal vent metagenome	ftp.sra.ebi.ac.uk/vol1/run/ERR166/ERR1662498/run2_FS854_CCTCGG_L004_R1_001.fastq.gz;ftp.sra.ebi.ac.uk/vol1/run/ERR166/ERR1662498/run2_FS854_CCTCGG_L004_R2_001.fastq.gz	FS854
ERR1662501	SAMEA4470841	652676	hydrothermal vent metagenome	ftp.sra.ebi.ac.uk/vol1/run/ERR166/ERR1662501/run2_FS854_CCTCGG_L004_R1_002.fastq.gz;ftp.sra.ebi.ac.uk/vol1/run/ERR166/ERR1662501/run2_FS854_CCTCGG_L004_R2_002.fastq.gz	FS854
ERR1662505	SAMEA4470842	652676	hydrothermal vent metagenome	ftp.sra.ebi.ac.uk/vol1/run/ERR166/ERR1662505/run2_FS856_GGATGT_L004_R1_001.fastq.gz;ftp.sra.ebi.ac.uk/vol1/run/ERR166/ERR1662505/run2_FS856_GGATGT_L004_R2_001.fastq.gz	FS856
ERR1662508	SAMEA4470842	652676	hydrothermal vent metagenome	ftp.sra.ebi.ac.uk/vol1/run/ERR166/ERR1662508/run1_FS856_GGATGT_L006_R1_002.fastq.gz;ftp.sra.ebi.ac.uk/vol1/run/ERR166/ERR1662508/run1_FS856_GGATGT_L006_R2_002.fastq.gz	FS856
ERR1662509	SAMEA4470842	652676	hydrothermal vent metagenome	ftp.sra.ebi.ac.uk/vol1/run/ERR166/ERR1662509/run2_FS856_GGATGT_L004_R1_002.fastq.gz;ftp.sra.ebi.ac.uk/vol1/run/ERR166/ERR1662509/run2_FS856_GGATGT_L004_R2_002.fastq.gz	FS856
ERR1662511	SAMEA4470842	652676	hydrothermal vent metagenome	ftp.sra.ebi.ac.uk/vol1/run/ERR166/ERR1662511/run2_FS856_GGATGT_L006_R1_004.fastq.gz;ftp.sra.ebi.ac.uk/vol1/run/ERR166/ERR1662511/run2_FS856_GGATGT_L006_R2_004.fastq.gz	FS856
ERR1662512	SAMEA4470842	652676	hydrothermal vent metagenome	ftp.sra.ebi.ac.uk/vol1/run/ERR166/ERR1662512/run1_FS856_GGATGT_L006_R1_003.fastq.gz;ftp.sra.ebi.ac.uk/vol1/run/ERR166/ERR1662512/run1_FS856_GGATGT_L006_R2_003.fastq.gz	FS856
ERR1662513	SAMEA4470842	652676	hydrothermal vent metagenome	ftp.sra.ebi.ac.uk/vol1/run/ERR166/ERR1662513/run2_FS856_GGATGT_L004_R1_003.fastq.gz;ftp.sra.ebi.ac.uk/vol1/run/ERR166/ERR1662513/run2_FS856_GGATGT_L004_R2_003.fastq.gz	FS856
ERR1662515	SAMEA4470842	652676	hydrothermal vent metagenome	ftp.sra.ebi.ac.uk/vol1/run/ERR166/ERR1662515/run2_FS856_GGATGT_L006_R1_005.fastq.gz;ftp.sra.ebi.ac.uk/vol1/run/ERR166/ERR1662515/run2_FS856_GGATGT_L006_R2_005.fastq.gz	FS856
ERR1662518	SAMEA4470842	652676	hydrothermal vent metagenome	ftp.sra.ebi.ac.uk/vol1/run/ERR166/ERR1662518/run2_FS856_GGATGT_L005_R1_005.fastq.gz;ftp.sra.ebi.ac.uk/vol1/run/ERR166/ERR1662518/run2_FS856_GGATGT_L005_R2_005.fastq.gz	FS856
ERR1662519	SAMEA4470842	652676	hydrothermal vent metagenome	ftp.sra.ebi.ac.uk/vol1/run/ERR166/ERR1662519/run2_FS856_GGATGT_L006_R1_006.fastq.gz;ftp.sra.ebi.ac.uk/vol1/run/ERR166/ERR1662519/run2_FS856_GGATGT_L006_R2_006.fastq.gz	FS856
ERR1662523	SAMEA4470842	652676	hydrothermal vent metagenome	ftp.sra.ebi.ac.uk/vol1/run/ERR166/ERR1662523/run2_FS856_GGATGT_L006_R1_007.fastq.gz;ftp.sra.ebi.ac.uk/vol1/run/ERR166/ERR1662523/run2_FS856_GGATGT_L006_R2_007.fastq.gz	FS856
ERR1662525	SAMEA4470842	652676	hydrothermal vent metagenome	ftp.sra.ebi.ac.uk/vol1/run/ERR166/ERR1662525/run2_FS856_GGATGT_L004_R1_006.fastq.gz;ftp.sra.ebi.ac.uk/vol1/run/ERR166/ERR1662525/run2_FS856_GGATGT_L004_R2_006.fastq.gz	FS856
ERR1662526	SAMEA4470842	652676	hydrothermal vent metagenome	ftp.sra.ebi.ac.uk/vol1/run/ERR166/ERR1662526/run2_FS856_GGATGT_L005_R1_007.fastq.gz;ftp.sra.ebi.ac.uk/vol1/run/ERR166/ERR1662526/run2_FS856_GGATGT_L005_R2_007.fastq.gz	FS856
ERR1662528	SAMEA4470842	652676	hydrothermal vent metagenome	ftp.sra.ebi.ac.uk/vol1/run/ERR166/ERR1662528/run2_FS856_GGATGT_L004_R1_007.fastq.gz;ftp.sra.ebi.ac.uk/vol1/run/ERR166/ERR1662528/run2_FS856_GGATGT_L004_R2_007.fastq.gz	FS856
ERR1662532	SAMEA4470842	652676	hydrothermal vent metagenome	ftp.sra.ebi.ac.uk/vol1/run/ERR166/ERR1662532/run2_FS856_GGATGT_L006_R1_002.fastq.gz;ftp.sra.ebi.ac.uk/vol1/run/ERR166/ERR1662532/run2_FS856_GGATGT_L006_R2_002.fastq.gz	FS856
ERR1664670	SAMEA4473424	652676	hydrothermal vent metagenome	ftp.sra.ebi.ac.uk/vol1/run/ERR166/ERR1664670/FS841_RNA_AAGGGA_L002_R1_001.fastq.gz;ftp.sra.ebi.ac.uk/vol1/run/ERR166/ERR1664670/FS841_RNA_AAGGGA_L002_R2_001.fastq.gz	FS841-RNA
ERR1664671	SAMEA4473424	652676	hydrothermal vent metagenome	ftp.sra.ebi.ac.uk/vol1/run/ERR166/ERR1664671/FS841_RNA_AAGGGA_L002_R1_002.fastq.gz;ftp.sra.ebi.ac.uk/vol1/run/ERR166/ERR1664671/FS841_RNA_AAGGGA_L002_R2_002.fastq.gz	FS841-RNA
ERR1664681	SAMEA4473425	652676	hydrothermal vent metagenome	ftp.sra.ebi.ac.uk/vol1/run/ERR166/ERR1664681/FS844_RNA_GGACCC_L002_R1_004.fastq.gz;ftp.sra.ebi.ac.uk/vol1/run/ERR166/ERR1664681/FS844_RNA_GGACCC_L002_R2_004.fastq.gz	FS844-RNA
ERR1664683	SAMEA4473425	652676	hydrothermal vent metagenome	ftp.sra.ebi.ac.uk/vol1/run/ERR166/ERR1664683/FS844_RNA_GGACCC_L002_R1_008.fastq.gz;ftp.sra.ebi.ac.uk/vol1/run/ERR166/ERR1664683/FS844_RNA_GGACCC_L002_R2_008.fastq.gz	FS844-RNA
ERR1664685	SAMEA4473425	652676	hydrothermal vent metagenome	ftp.sra.ebi.ac.uk/vol1/run/ERR166/ERR1664685/FS844_RNA_GGACCC_L002_R1_012.fastq.gz;ftp.sra.ebi.ac.uk/vol1/run/ERR166/ERR1664685/FS844_RNA_GGACCC_L002_R2_012.fastq.gz	FS844-RNA
ERR1664691	SAMEA4473426	652676	hydrothermal vent metagenome	ftp.sra.ebi.ac.uk/vol1/run/ERR166/ERR1664691/FS848_RNA_TTCAGC_L002_R1_004.fastq.gz;ftp.sra.ebi.ac.uk/vol1/run/ERR166/ERR1664691/FS848_RNA_TTCAGC_L002_R2_004.fastq.gz	FS848-RNA
ERR1664696	SAMEA4473427	652676	hydrothermal vent metagenome	ftp.sra.ebi.ac.uk/vol1/run/ERR166/ERR1664696/FS851_AAGGGA_L001_R1_007.fastq.gz;ftp.sra.ebi.ac.uk/vol1/run/ERR166/ERR1664696/FS851_AAGGGA_L001_R2_007.fastq.gz	FS851-RNA
ERR1664697	SAMEA4473427	652676	hydrothermal vent metagenome	ftp.sra.ebi.ac.uk/vol1/run/ERR166/ERR1664697/FS851_AAGGGA_L001_R1_002.fastq.gz;ftp.sra.ebi.ac.uk/vol1/run/ERR166/ERR1664697/FS851_AAGGGA_L001_R2_002.fastq.gz	FS851-RNA
ERR1664698	SAMEA4473427	652676	hydrothermal vent metagenome	ftp.sra.ebi.ac.uk/vol1/run/ERR166/ERR1664698/FS851_AAGGGA_L001_R1_004.fastq.gz;ftp.sra.ebi.ac.uk/vol1/run/ERR166/ERR1664698/FS851_AAGGGA_L001_R2_004.fastq.gz	FS851-RNA
ERR1664700	SAMEA4473428	652676	hydrothermal vent metagenome	ftp.sra.ebi.ac.uk/vol1/run/ERR166/ERR1664700/FS852_CCTTCA_L001_R1_001.fastq.gz;ftp.sra.ebi.ac.uk/vol1/run/ERR166/ERR1664700/FS852_CCTTCA_L001_R2_001.fastq.gz	FS852-RNA
ERR1664701	SAMEA4473428	652676	hydrothermal vent metagenome	ftp.sra.ebi.ac.uk/vol1/run/ERR166/ERR1664701/FS852_CCTTCA_L001_R1_003.fastq.gz;ftp.sra.ebi.ac.uk/vol1/run/ERR166/ERR1664701/FS852_CCTTCA_L001_R2_003.fastq.gz	FS852-RNA
ERR1664713	SAMEA4473430	652676	hydrothermal vent metagenome	ftp.sra.ebi.ac.uk/vol1/run/ERR166/ERR1664713/FS856_TTCAGC_L001_R1_003.fastq.gz;ftp.sra.ebi.ac.uk/vol1/run/ERR166/ERR1664713/FS856_TTCAGC_L001_R2_003.fastq.gz	FS856-RNA
ERR1664714	SAMEA4473431	652676	hydrothermal vent metagenome	ftp.sra.ebi.ac.uk/vol1/run/ERR166/ERR1664714/FS872_RNA_CCTTCA_L002_R1_001.fastq.gz;ftp.sra.ebi.ac.uk/vol1/run/ERR166/ERR1664714/FS872_RNA_CCTTCA_L002_R2_001.fastq.gz	FS872-RNA
ERR1664719	SAMEA4473431	652676	hydrothermal vent metagenome	ftp.sra.ebi.ac.uk/vol1/run/ERR166/ERR1664719/FS872_RNA_CCTTCA_L002_R1_006.fastq.gz;ftp.sra.ebi.ac.uk/vol1/run/ERR166/ERR1664719/FS872_RNA_CCTTCA_L002_R2_006.fastq.gz	FS872-RNA
ERR1664720	SAMEA4473432	652676	hydrothermal vent metagenome	ftp.sra.ebi.ac.uk/vol1/run/ERR166/ERR1664720/FS879_RNA_AAGACG_L002_R1_001.fastq.gz;ftp.sra.ebi.ac.uk/vol1/run/ERR166/ERR1664720/FS879_RNA_AAGACG_L002_R2_001.fastq.gz	FS879-RNA
ERR1664721	SAMEA4473432	652676	hydrothermal vent metagenome	ftp.sra.ebi.ac.uk/vol1/run/ERR166/ERR1664721/FS879_RNA_AAGACG_L002_R1_003.fastq.gz;ftp.sra.ebi.ac.uk/vol1/run/ERR166/ERR1664721/FS879_RNA_AAGACG_L002_R2_003.fastq.gz	FS879-RNA
ERR1664723	SAMEA4473432	652676	hydrothermal vent metagenome	ftp.sra.ebi.ac.uk/vol1/run/ERR166/ERR1664723/FS879_RNA_AAGACG_L002_R1_002.fastq.gz;ftp.sra.ebi.ac.uk/vol1/run/ERR166/ERR1664723/FS879_RNA_AAGACG_L002_R2_002.fastq.gz	FS879-RNA
ERR1664727	SAMEA4473433	652676	hydrothermal vent metagenome	ftp.sra.ebi.ac.uk/vol1/run/ERR166/ERR1664727/FS881_RNA_CCTCGG_L002_R1_002.fastq.gz;ftp.sra.ebi.ac.uk/vol1/run/ERR166/ERR1664727/FS881_RNA_CCTCGG_L002_R2_002.fastq.gz	FS881-RNA
ERR5957045	SAMEA8800961	155863	Methanothermococcus okinawensis	ftp.sra.ebi.ac.uk/vol1/run/ERR595/ERR5957045/MidCaymanRise_DCO_Methanothermococcus_SAGs-E23-QUALITY_PASSED_R1.fastq.gz;ftp.sra.ebi.ac.uk/vol1/run/ERR595/ERR5957045/MidCaymanRise_DCO_Methanothermococcus_SAGs-E23-QUALITY_PASSED_R2.fastq.gz	SCGC AD-155-E23
ERR5957046	SAMEA8800962	155863	Methanothermococcus okinawensis	ftp.sra.ebi.ac.uk/vol1/run/ERR595/ERR5957046/MidCaymanRise_DCO_Methanothermococcus_SAGs-K20-QUALITY_PASSED_R1.fastq.gz;ftp.sra.ebi.ac.uk/vol1/run/ERR595/ERR5957046/MidCaymanRise_DCO_Methanothermococcus_SAGs-K20-QUALITY_PASSED_R2.fastq.gz	SCGC AD-155-K20
ERR1662181	SAMEA4470834	652676	hydrothermal vent metagenome	ftp.sra.ebi.ac.uk/vol1/run/ERR166/ERR1662181/FS841_AAGGGA_L003_R1_001.fastq.gz;ftp.sra.ebi.ac.uk/vol1/run/ERR166/ERR1662181/FS841_AAGGGA_L003_R2_001.fastq.gz	FS841
ERR1662182	SAMEA4470834	652676	hydrothermal vent metagenome	ftp.sra.ebi.ac.uk/vol1/run/ERR166/ERR1662182/FS841_AAGGGA_L004_R1_002.fastq.gz;ftp.sra.ebi.ac.uk/vol1/run/ERR166/ERR1662182/FS841_AAGGGA_L004_R2_002.fastq.gz	FS841
ERR1662186	SAMEA4470834	652676	hydrothermal vent metagenome	ftp.sra.ebi.ac.uk/vol1/run/ERR166/ERR1662186/FS841_AAGGGA_L003_R1_002.fastq.gz;ftp.sra.ebi.ac.uk/vol1/run/ERR166/ERR1662186/FS841_AAGGGA_L003_R2_002.fastq.gz	FS841
ERR1662187	SAMEA4470834	652676	hydrothermal vent metagenome	ftp.sra.ebi.ac.uk/vol1/run/ERR166/ERR1662187/FS841_AAGGGA_L004_R1_003.fastq.gz;ftp.sra.ebi.ac.uk/vol1/run/ERR166/ERR1662187/FS841_AAGGGA_L004_R2_003.fastq.gz	FS841
ERR1662197	SAMEA4470834	652676	hydrothermal vent metagenome	ftp.sra.ebi.ac.uk/vol1/run/ERR166/ERR1662197/FS841_AAGGGA_L005_R1_004.fastq.gz;ftp.sra.ebi.ac.uk/vol1/run/ERR166/ERR1662197/FS841_AAGGGA_L005_R2_004.fastq.gz	FS841
ERR1662200	SAMEA4470838	652676	hydrothermal vent metagenome	ftp.sra.ebi.ac.uk/vol1/run/ERR166/ERR1662200/FS849_CCTTCA_L004_R1_002.fastq.gz;ftp.sra.ebi.ac.uk/vol1/run/ERR166/ERR1662200/FS849_CCTTCA_L004_R2_002.fastq.gz	FS849
ERR1662205	SAMEA4470838	652676	hydrothermal vent metagenome	ftp.sra.ebi.ac.uk/vol1/run/ERR166/ERR1662205/FS849_CCTTCA_L004_R1_001.fastq.gz;ftp.sra.ebi.ac.uk/vol1/run/ERR166/ERR1662205/FS849_CCTTCA_L004_R2_001.fastq.gz	FS849
ERR1662209	SAMEA4470839	652676	hydrothermal vent metagenome	ftp.sra.ebi.ac.uk/vol1/run/ERR166/ERR1662209/FS851_GGACCC_L004_R1_004.fastq.gz;ftp.sra.ebi.ac.uk/vol1/run/ERR166/ERR1662209/FS851_GGACCC_L004_R2_004.fastq.gz	FS851
ERR1662211	SAMEA4470839	652676	hydrothermal vent metagenome	ftp.sra.ebi.ac.uk/vol1/run/ERR166/ERR1662211/FS851_GGACCC_L006_R1_004.fastq.gz;ftp.sra.ebi.ac.uk/vol1/run/ERR166/ERR1662211/FS851_GGACCC_L006_R2_004.fastq.gz	FS851
ERR1662215	SAMEA4470839	652676	hydrothermal vent metagenome	ftp.sra.ebi.ac.uk/vol1/run/ERR166/ERR1662215/FS851_GGACCC_L006_R1_005.fastq.gz;ftp.sra.ebi.ac.uk/vol1/run/ERR166/ERR1662215/FS851_GGACCC_L006_R2_005.fastq.gz	FS851
ERR1662216	SAMEA4470839	652676	hydrothermal vent metagenome	ftp.sra.ebi.ac.uk/vol1/run/ERR166/ERR1662216/FS851_GGACCC_L003_R1_003.fastq.gz;ftp.sra.ebi.ac.uk/vol1/run/ERR166/ERR1662216/FS851_GGACCC_L003_R2_003.fastq.gz	FS851
ERR1662220	SAMEA4470839	652676	hydrothermal vent metagenome	ftp.sra.ebi.ac.uk/vol1/run/ERR166/ERR1662220/FS851_GGACCC_L003_R1_004.fastq.gz;ftp.sra.ebi.ac.uk/vol1/run/ERR166/ERR1662220/FS851_GGACCC_L003_R2_004.fastq.gz	FS851
ERR1662226	SAMEA4470839	652676	hydrothermal vent metagenome	ftp.sra.ebi.ac.uk/vol1/run/ERR166/ERR1662226/FS851_GGACCC_L006_R1_001.fastq.gz;ftp.sra.ebi.ac.uk/vol1/run/ERR166/ERR1662226/FS851_GGACCC_L006_R2_001.fastq.gz	FS851
ERR1662229	SAMEA4470839	652676	hydrothermal vent metagenome	ftp.sra.ebi.ac.uk/vol1/run/ERR166/ERR1662229/FS851_GGACCC_L006_R1_002.fastq.gz;ftp.sra.ebi.ac.uk/vol1/run/ERR166/ERR1662229/FS851_GGACCC_L006_R2_002.fastq.gz	FS851
ERR1662230	SAMEA4470839	652676	hydrothermal vent metagenome	ftp.sra.ebi.ac.uk/vol1/run/ERR166/ERR1662230/FS851_GGACCC_L004_R1_003.fastq.gz;ftp.sra.ebi.ac.uk/vol1/run/ERR166/ERR1662230/FS851_GGACCC_L004_R2_003.fastq.gz	FS851
ERR1662237	SAMEA4470840	652676	hydrothermal vent metagenome	ftp.sra.ebi.ac.uk/vol1/run/ERR166/ERR1662237/FS852_TTCAGC_L003_R1_002.fastq.gz;ftp.sra.ebi.ac.uk/vol1/run/ERR166/ERR1662237/FS852_TTCAGC_L003_R2_002.fastq.gz	FS852
ERR1662238	SAMEA4470840	652676	hydrothermal vent metagenome	ftp.sra.ebi.ac.uk/vol1/run/ERR166/ERR1662238/FS852_TTCAGC_L004_R1_002.fastq.gz;ftp.sra.ebi.ac.uk/vol1/run/ERR166/ERR1662238/FS852_TTCAGC_L004_R2_002.fastq.gz	FS852
ERR1662243	SAMEA4470840	652676	hydrothermal vent metagenome	ftp.sra.ebi.ac.uk/vol1/run/ERR166/ERR1662243/FS852_TTCAGC_L005_R1_003.fastq.gz;ftp.sra.ebi.ac.uk/vol1/run/ERR166/ERR1662243/FS852_TTCAGC_L005_R2_003.fastq.gz	FS852
ERR1662245	SAMEA4470843	652676	hydrothermal vent metagenome	ftp.sra.ebi.ac.uk/vol1/run/ERR166/ERR1662245/FS866_TTCGCT_L003_R1_001.fastq.gz;ftp.sra.ebi.ac.uk/vol1/run/ERR166/ERR1662245/FS866_TTCGCT_L003_R2_001.fastq.gz	FS866
ERR1662246	SAMEA4470843	652676	hydrothermal vent metagenome	ftp.sra.ebi.ac.uk/vol1/run/ERR166/ERR1662246/FS866_TTCGCT_L003_R1_004.fastq.gz;ftp.sra.ebi.ac.uk/vol1/run/ERR166/ERR1662246/FS866_TTCGCT_L003_R2_004.fastq.gz	FS866
ERR1662254	SAMEA4470843	652676	hydrothermal vent metagenome	ftp.sra.ebi.ac.uk/vol1/run/ERR166/ERR1662254/FS866_TTCGCT_L006_R1_001.fastq.gz;ftp.sra.ebi.ac.uk/vol1/run/ERR166/ERR1662254/FS866_TTCGCT_L006_R2_001.fastq.gz	FS866
ERR1662260	SAMEA4470844	652676	hydrothermal vent metagenome	ftp.sra.ebi.ac.uk/vol1/run/ERR166/ERR1662260/FS872_AAGACG_L004_R1_003.fastq.gz;ftp.sra.ebi.ac.uk/vol1/run/ERR166/ERR1662260/FS872_AAGACG_L004_R2_003.fastq.gz	FS872
ERR1662266	SAMEA4470844	652676	hydrothermal vent metagenome	ftp.sra.ebi.ac.uk/vol1/run/ERR166/ERR1662266/FS872_AAGACG_L004_R1_001.fastq.gz;ftp.sra.ebi.ac.uk/vol1/run/ERR166/ERR1662266/FS872_AAGACG_L004_R2_001.fastq.gz	FS872
ERR1662268	SAMEA4470844	652676	hydrothermal vent metagenome	ftp.sra.ebi.ac.uk/vol1/run/ERR166/ERR1662268/FS872_AAGACG_L006_R1_001.fastq.gz;ftp.sra.ebi.ac.uk/vol1/run/ERR166/ERR1662268/FS872_AAGACG_L006_R2_001.fastq.gz	FS872
ERR1662269	SAMEA4470845	652676	hydrothermal vent metagenome	ftp.sra.ebi.ac.uk/vol1/run/ERR166/ERR1662269/FS874_CCTCGG_L003_R1_001.fastq.gz;ftp.sra.ebi.ac.uk/vol1/run/ERR166/ERR1662269/FS874_CCTCGG_L003_R2_001.fastq.gz	FS874
ERR1662272	SAMEA4470845	652676	hydrothermal vent metagenome	ftp.sra.ebi.ac.uk/vol1/run/ERR166/ERR1662272/FS874_CCTCGG_L006_R1_001.fastq.gz;ftp.sra.ebi.ac.uk/vol1/run/ERR166/ERR1662272/FS874_CCTCGG_L006_R2_001.fastq.gz	FS874
ERR1662274	SAMEA4470845	652676	hydrothermal vent metagenome	ftp.sra.ebi.ac.uk/vol1/run/ERR166/ERR1662274/FS874_CCTCGG_L003_R1_002.fastq.gz;ftp.sra.ebi.ac.uk/vol1/run/ERR166/ERR1662274/FS874_CCTCGG_L003_R2_002.fastq.gz	FS874
ERR1662278	SAMEA4470845	652676	hydrothermal vent metagenome	ftp.sra.ebi.ac.uk/vol1/run/ERR166/ERR1662278/FS874_CCTCGG_L003_R1_003.fastq.gz;ftp.sra.ebi.ac.uk/vol1/run/ERR166/ERR1662278/FS874_CCTCGG_L003_R2_003.fastq.gz	FS874
ERR1662280	SAMEA4470845	652676	hydrothermal vent metagenome	ftp.sra.ebi.ac.uk/vol1/run/ERR166/ERR1662280/FS874_CCTCGG_L005_R1_004.fastq.gz;ftp.sra.ebi.ac.uk/vol1/run/ERR166/ERR1662280/FS874_CCTCGG_L005_R2_004.fastq.gz	FS874
ERR1662281	SAMEA4470845	652676	hydrothermal vent metagenome	ftp.sra.ebi.ac.uk/vol1/run/ERR166/ERR1662281/FS874_CCTCGG_L006_R1_003.fastq.gz;ftp.sra.ebi.ac.uk/vol1/run/ERR166/ERR1662281/FS874_CCTCGG_L006_R2_003.fastq.gz	FS874
ERR1662285	SAMEA4470845	652676	hydrothermal vent metagenome	ftp.sra.ebi.ac.uk/vol1/run/ERR166/ERR1662285/FS874_CCTCGG_L006_R1_004.fastq.gz;ftp.sra.ebi.ac.uk/vol1/run/ERR166/ERR1662285/FS874_CCTCGG_L006_R2_004.fastq.gz	FS874
ERR1662287	SAMEA4470845	652676	hydrothermal vent metagenome	ftp.sra.ebi.ac.uk/vol1/run/ERR166/ERR1662287/FS874_CCTCGG_L005_R1_001.fastq.gz;ftp.sra.ebi.ac.uk/vol1/run/ERR166/ERR1662287/FS874_CCTCGG_L005_R2_001.fastq.gz	FS874
ERR1662289	SAMEA4470845	652676	hydrothermal vent metagenome	ftp.sra.ebi.ac.uk/vol1/run/ERR166/ERR1662289/FS874_CCTCGG_L006_R1_005.fastq.gz;ftp.sra.ebi.ac.uk/vol1/run/ERR166/ERR1662289/FS874_CCTCGG_L006_R2_005.fastq.gz	FS874
ERR1662292	SAMEA4470846	652676	hydrothermal vent metagenome	ftp.sra.ebi.ac.uk/vol1/run/ERR166/ERR1662292/FS877_GGATGT_L005_R1_004.fastq.gz;ftp.sra.ebi.ac.uk/vol1/run/ERR166/ERR1662292/FS877_GGATGT_L005_R2_004.fastq.gz	FS877
ERR1662293	SAMEA4470846	652676	hydrothermal vent metagenome	ftp.sra.ebi.ac.uk/vol1/run/ERR166/ERR1662293/FS877_GGATGT_L006_R1_003.fastq.gz;ftp.sra.ebi.ac.uk/vol1/run/ERR166/ERR1662293/FS877_GGATGT_L006_R2_003.fastq.gz	FS877
ERR1662294	SAMEA4470846	652676	hydrothermal vent metagenome	ftp.sra.ebi.ac.uk/vol1/run/ERR166/ERR1662294/FS877_GGATGT_L003_R1_002.fastq.gz;ftp.sra.ebi.ac.uk/vol1/run/ERR166/ERR1662294/FS877_GGATGT_L003_R2_002.fastq.gz	FS877
ERR1662295	SAMEA4470846	652676	hydrothermal vent metagenome	ftp.sra.ebi.ac.uk/vol1/run/ERR166/ERR1662295/FS877_GGATGT_L004_R1_006.fastq.gz;ftp.sra.ebi.ac.uk/vol1/run/ERR166/ERR1662295/FS877_GGATGT_L004_R2_006.fastq.gz	FS877
ERR1662297	SAMEA4470846	652676	hydrothermal vent metagenome	ftp.sra.ebi.ac.uk/vol1/run/ERR166/ERR1662297/FS877_GGATGT_L006_R1_004.fastq.gz;ftp.sra.ebi.ac.uk/vol1/run/ERR166/ERR1662297/FS877_GGATGT_L006_R2_004.fastq.gz	FS877
ERR1662298	SAMEA4470846	652676	hydrothermal vent metagenome	ftp.sra.ebi.ac.uk/vol1/run/ERR166/ERR1662298/FS877_GGATGT_L003_R1_003.fastq.gz;ftp.sra.ebi.ac.uk/vol1/run/ERR166/ERR1662298/FS877_GGATGT_L003_R2_003.fastq.gz	FS877
ERR1662299	SAMEA4470846	652676	hydrothermal vent metagenome	ftp.sra.ebi.ac.uk/vol1/run/ERR166/ERR1662299/FS877_GGATGT_L004_R1_007.fastq.gz;ftp.sra.ebi.ac.uk/vol1/run/ERR166/ERR1662299/FS877_GGATGT_L004_R2_007.fastq.gz	FS877
ERR1662301	SAMEA4470846	652676	hydrothermal vent metagenome	ftp.sra.ebi.ac.uk/vol1/run/ERR166/ERR1662301/FS877_GGATGT_L006_R1_005.fastq.gz;ftp.sra.ebi.ac.uk/vol1/run/ERR166/ERR1662301/FS877_GGATGT_L006_R2_005.fastq.gz	FS877
ERR1662304	SAMEA4470846	652676	hydrothermal vent metagenome	ftp.sra.ebi.ac.uk/vol1/run/ERR166/ERR1662304/FS877_GGATGT_L005_R1_007.fastq.gz;ftp.sra.ebi.ac.uk/vol1/run/ERR166/ERR1662304/FS877_GGATGT_L005_R2_007.fastq.gz	FS877
ERR1662310	SAMEA4470846	652676	hydrothermal vent metagenome	ftp.sra.ebi.ac.uk/vol1/run/ERR166/ERR1662310/FS877_GGATGT_L003_R1_006.fastq.gz;ftp.sra.ebi.ac.uk/vol1/run/ERR166/ERR1662310/FS877_GGATGT_L003_R2_006.fastq.gz	FS877
ERR1662312	SAMEA4470846	652676	hydrothermal vent metagenome	ftp.sra.ebi.ac.uk/vol1/run/ERR166/ERR1662312/FS877_GGATGT_L005_R1_009.fastq.gz;ftp.sra.ebi.ac.uk/vol1/run/ERR166/ERR1662312/FS877_GGATGT_L005_R2_009.fastq.gz	FS877
ERR1662316	SAMEA4470846	652676	hydrothermal vent metagenome	ftp.sra.ebi.ac.uk/vol1/run/ERR166/ERR1662316/FS877_GGATGT_L005_R1_010.fastq.gz;ftp.sra.ebi.ac.uk/vol1/run/ERR166/ERR1662316/FS877_GGATGT_L005_R2_010.fastq.gz	FS877
ERR1662319	SAMEA4470846	652676	hydrothermal vent metagenome	ftp.sra.ebi.ac.uk/vol1/run/ERR166/ERR1662319/FS877_GGATGT_L004_R1_012.fastq.gz;ftp.sra.ebi.ac.uk/vol1/run/ERR166/ERR1662319/FS877_GGATGT_L004_R2_012.fastq.gz	FS877
ERR1662321	SAMEA4470846	652676	hydrothermal vent metagenome	ftp.sra.ebi.ac.uk/vol1/run/ERR166/ERR1662321/FS877_GGATGT_L006_R1_010.fastq.gz;ftp.sra.ebi.ac.uk/vol1/run/ERR166/ERR1662321/FS877_GGATGT_L006_R2_010.fastq.gz	FS877
ERR1662322	SAMEA4470846	652676	hydrothermal vent metagenome	ftp.sra.ebi.ac.uk/vol1/run/ERR166/ERR1662322/FS877_GGATGT_L004_R1_002.fastq.gz;ftp.sra.ebi.ac.uk/vol1/run/ERR166/ERR1662322/FS877_GGATGT_L004_R2_002.fastq.gz	FS877
ERR1662324	SAMEA4470846	652676	hydrothermal vent metagenome	ftp.sra.ebi.ac.uk/vol1/run/ERR166/ERR1662324/FS877_GGATGT_L005_R1_012.fastq.gz;ftp.sra.ebi.ac.uk/vol1/run/ERR166/ERR1662324/FS877_GGATGT_L005_R2_012.fastq.gz	FS877
ERR1662329	SAMEA4470846	652676	hydrothermal vent metagenome	ftp.sra.ebi.ac.uk/vol1/run/ERR166/ERR1662329/FS877_GGATGT_L006_R1_012.fastq.gz;ftp.sra.ebi.ac.uk/vol1/run/ERR166/ERR1662329/FS877_GGATGT_L006_R2_012.fastq.gz	FS877
ERR1662330	SAMEA4470846	652676	hydrothermal vent metagenome	ftp.sra.ebi.ac.uk/vol1/run/ERR166/ERR1662330/FS877_GGATGT_L004_R1_004.fastq.gz;ftp.sra.ebi.ac.uk/vol1/run/ERR166/ERR1662330/FS877_GGATGT_L004_R2_004.fastq.gz	FS877
ERR1662333	SAMEA4470847	652676	hydrothermal vent metagenome	ftp.sra.ebi.ac.uk/vol1/run/ERR166/ERR1662333/FS879_ACACGA_L003_R1_001.fastq.gz;ftp.sra.ebi.ac.uk/vol1/run/ERR166/ERR1662333/FS879_ACACGA_L003_R2_001.fastq.gz	FS879
ERR1662335	SAMEA4470847	652676	hydrothermal vent metagenome	ftp.sra.ebi.ac.uk/vol1/run/ERR166/ERR1662335/FS879_ACACGA_L005_R1_001.fastq.gz;ftp.sra.ebi.ac.uk/vol1/run/ERR166/ERR1662335/FS879_ACACGA_L005_R2_001.fastq.gz	FS879
ERR1662339	SAMEA4470847	652676	hydrothermal vent metagenome	ftp.sra.ebi.ac.uk/vol1/run/ERR166/ERR1662339/FS879_ACACGA_L005_R1_002.fastq.gz;ftp.sra.ebi.ac.uk/vol1/run/ERR166/ERR1662339/FS879_ACACGA_L005_R2_002.fastq.gz	FS879
ERR1662341	SAMEA4470847	652676	hydrothermal vent metagenome	ftp.sra.ebi.ac.uk/vol1/run/ERR166/ERR1662341/FS879_ACACGA_L004_R1_002.fastq.gz;ftp.sra.ebi.ac.uk/vol1/run/ERR166/ERR1662341/FS879_ACACGA_L004_R2_002.fastq.gz	FS879
ERR1662342	SAMEA4470847	652676	hydrothermal vent metagenome	ftp.sra.ebi.ac.uk/vol1/run/ERR166/ERR1662342/FS879_ACACGA_L006_R1_001.fastq.gz;ftp.sra.ebi.ac.uk/vol1/run/ERR166/ERR1662342/FS879_ACACGA_L006_R2_001.fastq.gz	FS879
ERR1662343	SAMEA4470848	652676	hydrothermal vent metagenome	ftp.sra.ebi.ac.uk/vol1/run/ERR166/ERR1662343/FS881_CACACA_L003_R1_001.fastq.gz;ftp.sra.ebi.ac.uk/vol1/run/ERR166/ERR1662343/FS881_CACACA_L003_R2_001.fastq.gz	FS881
ERR1662347	SAMEA4470848	652676	hydrothermal vent metagenome	ftp.sra.ebi.ac.uk/vol1/run/ERR166/ERR1662347/FS881_CACACA_L005_R1_009.fastq.gz;ftp.sra.ebi.ac.uk/vol1/run/ERR166/ERR1662347/FS881_CACACA_L005_R2_009.fastq.gz	FS881
ERR1662348	SAMEA4470848	652676	hydrothermal vent metagenome	ftp.sra.ebi.ac.uk/vol1/run/ERR166/ERR1662348/FS881_CACACA_L006_R1_007.fastq.gz;ftp.sra.ebi.ac.uk/vol1/run/ERR166/ERR1662348/FS881_CACACA_L006_R2_007.fastq.gz	FS881
ERR1662349	SAMEA4470848	652676	hydrothermal vent metagenome	ftp.sra.ebi.ac.uk/vol1/run/ERR166/ERR1662349/FS881_CACACA_L003_R1_002.fastq.gz;ftp.sra.ebi.ac.uk/vol1/run/ERR166/ERR1662349/FS881_CACACA_L003_R2_002.fastq.gz	FS881
ERR1662350	SAMEA4470848	652676	hydrothermal vent metagenome	ftp.sra.ebi.ac.uk/vol1/run/ERR166/ERR1662350/FS881_CACACA_L003_R1_011.fastq.gz;ftp.sra.ebi.ac.uk/vol1/run/ERR166/ERR1662350/FS881_CACACA_L003_R2_011.fastq.gz	FS881
ERR1662352	SAMEA4470848	652676	hydrothermal vent metagenome	ftp.sra.ebi.ac.uk/vol1/run/ERR166/ERR1662352/FS881_CACACA_L005_R1_001.fastq.gz;ftp.sra.ebi.ac.uk/vol1/run/ERR166/ERR1662352/FS881_CACACA_L005_R2_001.fastq.gz	FS881
ERR1662353	SAMEA4470848	652676	hydrothermal vent metagenome	ftp.sra.ebi.ac.uk/vol1/run/ERR166/ERR1662353/FS881_CACACA_L005_R1_010.fastq.gz;ftp.sra.ebi.ac.uk/vol1/run/ERR166/ERR1662353/FS881_CACACA_L005_R2_010.fastq.gz	FS881
ERR1662355	SAMEA4470848	652676	hydrothermal vent metagenome	ftp.sra.ebi.ac.uk/vol1/run/ERR166/ERR1662355/FS881_CACACA_L003_R1_003.fastq.gz;ftp.sra.ebi.ac.uk/vol1/run/ERR166/ERR1662355/FS881_CACACA_L003_R2_003.fastq.gz	FS881
ERR1662358	SAMEA4470848	652676	hydrothermal vent metagenome	ftp.sra.ebi.ac.uk/vol1/run/ERR166/ERR1662358/FS881_CACACA_L005_R1_002.fastq.gz;ftp.sra.ebi.ac.uk/vol1/run/ERR166/ERR1662358/FS881_CACACA_L005_R2_002.fastq.gz	FS881
ERR1662359	SAMEA4470848	652676	hydrothermal vent metagenome	ftp.sra.ebi.ac.uk/vol1/run/ERR166/ERR1662359/FS881_CACACA_L005_R1_011.fastq.gz;ftp.sra.ebi.ac.uk/vol1/run/ERR166/ERR1662359/FS881_CACACA_L005_R2_011.fastq.gz	FS881
ERR1662361	SAMEA4470848	652676	hydrothermal vent metagenome	ftp.sra.ebi.ac.uk/vol1/run/ERR166/ERR1662361/FS881_CACACA_L003_R1_004.fastq.gz;ftp.sra.ebi.ac.uk/vol1/run/ERR166/ERR1662361/FS881_CACACA_L003_R2_004.fastq.gz	FS881
ERR1662365	SAMEA4470848	652676	hydrothermal vent metagenome	ftp.sra.ebi.ac.uk/vol1/run/ERR166/ERR1662365/FS881_CACACA_L006_R1_001.fastq.gz;ftp.sra.ebi.ac.uk/vol1/run/ERR166/ERR1662365/FS881_CACACA_L006_R2_001.fastq.gz	FS881
ERR1662366	SAMEA4470848	652676	hydrothermal vent metagenome	ftp.sra.ebi.ac.uk/vol1/run/ERR166/ERR1662366/FS881_CACACA_L006_R1_010.fastq.gz;ftp.sra.ebi.ac.uk/vol1/run/ERR166/ERR1662366/FS881_CACACA_L006_R2_010.fastq.gz	FS881
ERR1662367	SAMEA4470848	652676	hydrothermal vent metagenome	ftp.sra.ebi.ac.uk/vol1/run/ERR166/ERR1662367/FS881_CACACA_L003_R1_005.fastq.gz;ftp.sra.ebi.ac.uk/vol1/run/ERR166/ERR1662367/FS881_CACACA_L003_R2_005.fastq.gz	FS881
ERR1662369	SAMEA4470848	652676	hydrothermal vent metagenome	ftp.sra.ebi.ac.uk/vol1/run/ERR166/ERR1662369/FS881_CACACA_L004_R1_006.fastq.gz;ftp.sra.ebi.ac.uk/vol1/run/ERR166/ERR1662369/FS881_CACACA_L004_R2_006.fastq.gz	FS881
ERR1662370	SAMEA4470848	652676	hydrothermal vent metagenome	ftp.sra.ebi.ac.uk/vol1/run/ERR166/ERR1662370/FS881_CACACA_L005_R1_004.fastq.gz;ftp.sra.ebi.ac.uk/vol1/run/ERR166/ERR1662370/FS881_CACACA_L005_R2_004.fastq.gz	FS881
ERR1662371	SAMEA4470848	652676	hydrothermal vent metagenome	ftp.sra.ebi.ac.uk/vol1/run/ERR166/ERR1662371/FS881_CACACA_L006_R1_002.fastq.gz;ftp.sra.ebi.ac.uk/vol1/run/ERR166/ERR1662371/FS881_CACACA_L006_R2_002.fastq.gz	FS881
ERR1662375	SAMEA4470848	652676	hydrothermal vent metagenome	ftp.sra.ebi.ac.uk/vol1/run/ERR166/ERR1662375/FS881_CACACA_L004_R1_007.fastq.gz;ftp.sra.ebi.ac.uk/vol1/run/ERR166/ERR1662375/FS881_CACACA_L004_R2_007.fastq.gz	FS881
ERR1662376	SAMEA4470848	652676	hydrothermal vent metagenome	ftp.sra.ebi.ac.uk/vol1/run/ERR166/ERR1662376/FS881_CACACA_L005_R1_005.fastq.gz;ftp.sra.ebi.ac.uk/vol1/run/ERR166/ERR1662376/FS881_CACACA_L005_R2_005.fastq.gz	FS881
ERR1662377	SAMEA4470848	652676	hydrothermal vent metagenome	ftp.sra.ebi.ac.uk/vol1/run/ERR166/ERR1662377/FS881_CACACA_L006_R1_003.fastq.gz;ftp.sra.ebi.ac.uk/vol1/run/ERR166/ERR1662377/FS881_CACACA_L006_R2_003.fastq.gz	FS881
ERR1662378	SAMEA4470848	652676	hydrothermal vent metagenome	ftp.sra.ebi.ac.uk/vol1/run/ERR166/ERR1662378/FS881_CACACA_L003_R1_007.fastq.gz;ftp.sra.ebi.ac.uk/vol1/run/ERR166/ERR1662378/FS881_CACACA_L003_R2_007.fastq.gz	FS881
ERR1662379	SAMEA4470848	652676	hydrothermal vent metagenome	ftp.sra.ebi.ac.uk/vol1/run/ERR166/ERR1662379/FS881_CACACA_L003_R1_016.fastq.gz;ftp.sra.ebi.ac.uk/vol1/run/ERR166/ERR1662379/FS881_CACACA_L003_R2_016.fastq.gz	FS881
ERR1662380	SAMEA4470848	652676	hydrothermal vent metagenome	ftp.sra.ebi.ac.uk/vol1/run/ERR166/ERR1662380/FS881_CACACA_L004_R1_008.fastq.gz;ftp.sra.ebi.ac.uk/vol1/run/ERR166/ERR1662380/FS881_CACACA_L004_R2_008.fastq.gz	FS881
ERR1662390	SAMEA4470848	652676	hydrothermal vent metagenome	ftp.sra.ebi.ac.uk/vol1/run/ERR166/ERR1662390/FS881_CACACA_L004_R1_010.fastq.gz;ftp.sra.ebi.ac.uk/vol1/run/ERR166/ERR1662390/FS881_CACACA_L004_R2_010.fastq.gz	FS881
ERR1662391	SAMEA4470848	652676	hydrothermal vent metagenome	ftp.sra.ebi.ac.uk/vol1/run/ERR166/ERR1662391/FS881_CACACA_L005_R1_008.fastq.gz;ftp.sra.ebi.ac.uk/vol1/run/ERR166/ERR1662391/FS881_CACACA_L005_R2_008.fastq.gz	FS881
ERR1662394	SAMEA4470835	652676	hydrothermal vent metagenome	ftp.sra.ebi.ac.uk/vol1/run/ERR166/ERR1662394/run2_FS842_GGACCC_L004_R1_001.fastq.gz;ftp.sra.ebi.ac.uk/vol1/run/ERR166/ERR1662394/run2_FS842_GGACCC_L004_R2_001.fastq.gz	FS842
ERR1662399	SAMEA4470835	652676	hydrothermal vent metagenome	ftp.sra.ebi.ac.uk/vol1/run/ERR166/ERR1662399/run2_FS842_GGACCC_L005_R1_003.fastq.gz;ftp.sra.ebi.ac.uk/vol1/run/ERR166/ERR1662399/run2_FS842_GGACCC_L005_R2_003.fastq.gz	FS842
ERR1662407	SAMEA4470835	652676	hydrothermal vent metagenome	ftp.sra.ebi.ac.uk/vol1/run/ERR166/ERR1662407/run2_FS842_GGACCC_L005_R1_005.fastq.gz;ftp.sra.ebi.ac.uk/vol1/run/ERR166/ERR1662407/run2_FS842_GGACCC_L005_R2_005.fastq.gz	FS842
ERR1662412	SAMEA4470835	652676	hydrothermal vent metagenome	ftp.sra.ebi.ac.uk/vol1/run/ERR166/ERR1662412/run2_FS842_GGACCC_L005_R1_001.fastq.gz;ftp.sra.ebi.ac.uk/vol1/run/ERR166/ERR1662412/run2_FS842_GGACCC_L005_R2_001.fastq.gz	FS842
ERR1662413	SAMEA4470835	652676	hydrothermal vent metagenome	ftp.sra.ebi.ac.uk/vol1/run/ERR166/ERR1662413/run2_FS842_GGACCC_L006_R1_002.fastq.gz;ftp.sra.ebi.ac.uk/vol1/run/ERR166/ERR1662413/run2_FS842_GGACCC_L006_R2_002.fastq.gz	FS842
ERR1662414	SAMEA4470836	652676	hydrothermal vent metagenome	ftp.sra.ebi.ac.uk/vol1/run/ERR166/ERR1662414/run1_FS844_TTCAGC_L006_R1_001.fastq.gz;ftp.sra.ebi.ac.uk/vol1/run/ERR166/ERR1662414/run1_FS844_TTCAGC_L006_R2_001.fastq.gz	FS844
ERR1662415	SAMEA4470836	652676	hydrothermal vent metagenome	ftp.sra.ebi.ac.uk/vol1/run/ERR166/ERR1662415/run2_FS844_TTCAGC_L004_R1_005.fastq.gz;ftp.sra.ebi.ac.uk/vol1/run/ERR166/ERR1662415/run2_FS844_TTCAGC_L004_R2_005.fastq.gz	FS844
ERR1662417	SAMEA4470836	652676	hydrothermal vent metagenome	ftp.sra.ebi.ac.uk/vol1/run/ERR166/ERR1662417/run2_FS844_TTCAGC_L006_R1_005.fastq.gz;ftp.sra.ebi.ac.uk/vol1/run/ERR166/ERR1662417/run2_FS844_TTCAGC_L006_R2_005.fastq.gz	FS844
ERR1662418	SAMEA4470836	652676	hydrothermal vent metagenome	ftp.sra.ebi.ac.uk/vol1/run/ERR166/ERR1662418/run1_FS844_TTCAGC_L006_R1_002.fastq.gz;ftp.sra.ebi.ac.uk/vol1/run/ERR166/ERR1662418/run1_FS844_TTCAGC_L006_R2_002.fastq.gz	FS844
ERR1662422	SAMEA4470836	652676	hydrothermal vent metagenome	ftp.sra.ebi.ac.uk/vol1/run/ERR166/ERR1662422/run1_FS844_TTCAGC_L006_R1_003.fastq.gz;ftp.sra.ebi.ac.uk/vol1/run/ERR166/ERR1662422/run1_FS844_TTCAGC_L006_R2_003.fastq.gz	FS844
ERR1662424	SAMEA4470836	652676	hydrothermal vent metagenome	ftp.sra.ebi.ac.uk/vol1/run/ERR166/ERR1662424/run2_FS844_TTCAGC_L005_R1_007.fastq.gz;ftp.sra.ebi.ac.uk/vol1/run/ERR166/ERR1662424/run2_FS844_TTCAGC_L005_R2_007.fastq.gz	FS844
ERR1662426	SAMEA4470836	652676	hydrothermal vent metagenome	ftp.sra.ebi.ac.uk/vol1/run/ERR166/ERR1662426/run1_FS844_TTCAGC_L006_R1_004.fastq.gz;ftp.sra.ebi.ac.uk/vol1/run/ERR166/ERR1662426/run1_FS844_TTCAGC_L006_R2_004.fastq.gz	FS844
ERR1662427	SAMEA4470836	652676	hydrothermal vent metagenome	ftp.sra.ebi.ac.uk/vol1/run/ERR166/ERR1662427/run2_FS844_TTCAGC_L004_R1_008.fastq.gz;ftp.sra.ebi.ac.uk/vol1/run/ERR166/ERR1662427/run2_FS844_TTCAGC_L004_R2_008.fastq.gz	FS844
ERR1662431	SAMEA4470836	652676	hydrothermal vent metagenome	ftp.sra.ebi.ac.uk/vol1/run/ERR166/ERR1662431/run2_FS844_TTCAGC_L005_R1_001.fastq.gz;ftp.sra.ebi.ac.uk/vol1/run/ERR166/ERR1662431/run2_FS844_TTCAGC_L005_R2_001.fastq.gz	FS844
ERR1662432	SAMEA4470836	652676	hydrothermal vent metagenome	ftp.sra.ebi.ac.uk/vol1/run/ERR166/ERR1662432/run2_FS844_TTCAGC_L006_R1_001.fastq.gz;ftp.sra.ebi.ac.uk/vol1/run/ERR166/ERR1662432/run2_FS844_TTCAGC_L006_R2_001.fastq.gz	FS844
ERR1662434	SAMEA4470836	652676	hydrothermal vent metagenome	ftp.sra.ebi.ac.uk/vol1/run/ERR166/ERR1662434/run2_FS844_TTCAGC_L004_R1_002.fastq.gz;ftp.sra.ebi.ac.uk/vol1/run/ERR166/ERR1662434/run2_FS844_TTCAGC_L004_R2_002.fastq.gz	FS844
ERR1662437	SAMEA4470836	652676	hydrothermal vent metagenome	ftp.sra.ebi.ac.uk/vol1/run/ERR166/ERR1662437/run2_FS844_TTCAGC_L004_R1_003.fastq.gz;ftp.sra.ebi.ac.uk/vol1/run/ERR166/ERR1662437/run2_FS844_TTCAGC_L004_R2_003.fastq.gz	FS844
ERR1662438	SAMEA4470836	652676	hydrothermal vent metagenome	ftp.sra.ebi.ac.uk/vol1/run/ERR166/ERR1662438/run2_FS844_TTCAGC_L005_R1_003.fastq.gz;ftp.sra.ebi.ac.uk/vol1/run/ERR166/ERR1662438/run2_FS844_TTCAGC_L005_R2_003.fastq.gz	FS844
ERR1662441	SAMEA4470836	652676	hydrothermal vent metagenome	ftp.sra.ebi.ac.uk/vol1/run/ERR166/ERR1662441/run2_FS844_TTCAGC_L005_R1_004.fastq.gz;ftp.sra.ebi.ac.uk/vol1/run/ERR166/ERR1662441/run2_FS844_TTCAGC_L005_R2_004.fastq.gz	FS844
ERR1662443	SAMEA4470837	652676	hydrothermal vent metagenome	ftp.sra.ebi.ac.uk/vol1/run/ERR166/ERR1662443/run1_FS848_AAGACG_L006_R1_001.fastq.gz;ftp.sra.ebi.ac.uk/vol1/run/ERR166/ERR1662443/run1_FS848_AAGACG_L006_R2_001.fastq.gz	FS848
ERR1662446	SAMEA4470837	652676	hydrothermal vent metagenome	ftp.sra.ebi.ac.uk/vol1/run/ERR166/ERR1662446/run2_FS848_AAGACG_L006_R1_002.fastq.gz;ftp.sra.ebi.ac.uk/vol1/run/ERR166/ERR1662446/run2_FS848_AAGACG_L006_R2_002.fastq.gz	FS848
ERR1662450	SAMEA4470837	652676	hydrothermal vent metagenome	ftp.sra.ebi.ac.uk/vol1/run/ERR166/ERR1662450/run2_FS848_AAGACG_L006_R1_003.fastq.gz;ftp.sra.ebi.ac.uk/vol1/run/ERR166/ERR1662450/run2_FS848_AAGACG_L006_R2_003.fastq.gz	FS848
ERR1662451	SAMEA4470837	652676	hydrothermal vent metagenome	ftp.sra.ebi.ac.uk/vol1/run/ERR166/ERR1662451/run1_FS848_AAGACG_L006_R1_003.fastq.gz;ftp.sra.ebi.ac.uk/vol1/run/ERR166/ERR1662451/run1_FS848_AAGACG_L006_R2_003.fastq.gz	FS848
ERR1662458	SAMEA4470837	652676	hydrothermal vent metagenome	ftp.sra.ebi.ac.uk/vol1/run/ERR166/ERR1662458/run2_FS848_AAGACG_L006_R1_005.fastq.gz;ftp.sra.ebi.ac.uk/vol1/run/ERR166/ERR1662458/run2_FS848_AAGACG_L006_R2_005.fastq.gz	FS848
ERR1662459	SAMEA4470837	652676	hydrothermal vent metagenome	ftp.sra.ebi.ac.uk/vol1/run/ERR166/ERR1662459/run1_FS848_AAGACG_L006_R1_005.fastq.gz;ftp.sra.ebi.ac.uk/vol1/run/ERR166/ERR1662459/run1_FS848_AAGACG_L006_R2_005.fastq.gz	FS848
ERR1662461	SAMEA4470837	652676	hydrothermal vent metagenome	ftp.sra.ebi.ac.uk/vol1/run/ERR166/ERR1662461/run2_FS848_AAGACG_L005_R1_006.fastq.gz;ftp.sra.ebi.ac.uk/vol1/run/ERR166/ERR1662461/run2_FS848_AAGACG_L005_R2_006.fastq.gz	FS848
ERR1662463	SAMEA4470837	652676	hydrothermal vent metagenome	ftp.sra.ebi.ac.uk/vol1/run/ERR166/ERR1662463/run2_FS848_AAGACG_L004_R1_001.fastq.gz;ftp.sra.ebi.ac.uk/vol1/run/ERR166/ERR1662463/run2_FS848_AAGACG_L004_R2_001.fastq.gz	FS848
ERR1662464	SAMEA4470837	652676	hydrothermal vent metagenome	ftp.sra.ebi.ac.uk/vol1/run/ERR166/ERR1662464/run2_FS848_AAGACG_L005_R1_001.fastq.gz;ftp.sra.ebi.ac.uk/vol1/run/ERR166/ERR1662464/run2_FS848_AAGACG_L005_R2_001.fastq.gz	FS848
ERR1662465	SAMEA4470837	652676	hydrothermal vent metagenome	ftp.sra.ebi.ac.uk/vol1/run/ERR166/ERR1662465/run2_FS848_AAGACG_L006_R1_001.fastq.gz;ftp.sra.ebi.ac.uk/vol1/run/ERR166/ERR1662465/run2_FS848_AAGACG_L006_R2_001.fastq.gz	FS848
ERR1662466	SAMEA4470841	652676	hydrothermal vent metagenome	ftp.sra.ebi.ac.uk/vol1/run/ERR166/ERR1662466/run1_FS854_CCTCGG_L006_R1_001.fastq.gz;ftp.sra.ebi.ac.uk/vol1/run/ERR166/ERR1662466/run1_FS854_CCTCGG_L006_R2_001.fastq.gz	FS854
ERR1662471	SAMEA4470841	652676	hydrothermal vent metagenome	ftp.sra.ebi.ac.uk/vol1/run/ERR166/ERR1662471/run2_FS854_CCTCGG_L004_R1_004.fastq.gz;ftp.sra.ebi.ac.uk/vol1/run/ERR166/ERR1662471/run2_FS854_CCTCGG_L004_R2_004.fastq.gz	FS854
ERR1662474	SAMEA4470841	652676	hydrothermal vent metagenome	ftp.sra.ebi.ac.uk/vol1/run/ERR166/ERR1662474/run1_FS854_CCTCGG_L006_R1_003.fastq.gz;ftp.sra.ebi.ac.uk/vol1/run/ERR166/ERR1662474/run1_FS854_CCTCGG_L006_R2_003.fastq.gz	FS854
ERR1662478	SAMEA4470841	652676	hydrothermal vent metagenome	ftp.sra.ebi.ac.uk/vol1/run/ERR166/ERR1662478/run1_FS854_CCTCGG_L006_R1_004.fastq.gz;ftp.sra.ebi.ac.uk/vol1/run/ERR166/ERR1662478/run1_FS854_CCTCGG_L006_R2_004.fastq.gz	FS854
ERR1662479	SAMEA4470841	652676	hydrothermal vent metagenome	ftp.sra.ebi.ac.uk/vol1/run/ERR166/ERR1662479/run2_FS854_CCTCGG_L004_R1_006.fastq.gz;ftp.sra.ebi.ac.uk/vol1/run/ERR166/ERR1662479/run2_FS854_CCTCGG_L004_R2_006.fastq.gz	FS854
ERR1662481	SAMEA4470841	652676	hydrothermal vent metagenome	ftp.sra.ebi.ac.uk/vol1/run/ERR166/ERR1662481/run2_FS854_CCTCGG_L006_R1_006.fastq.gz;ftp.sra.ebi.ac.uk/vol1/run/ERR166/ERR1662481/run2_FS854_CCTCGG_L006_R2_006.fastq.gz	FS854
ERR1662483	SAMEA4470841	652676	hydrothermal vent metagenome	ftp.sra.ebi.ac.uk/vol1/run/ERR166/ERR1662483/run2_FS854_CCTCGG_L004_R1_007.fastq.gz;ftp.sra.ebi.ac.uk/vol1/run/ERR166/ERR1662483/run2_FS854_CCTCGG_L004_R2_007.fastq.gz	FS854
ERR1662490	SAMEA4470841	652676	hydrothermal vent metagenome	ftp.sra.ebi.ac.uk/vol1/run/ERR166/ERR1662490/run1_FS854_CCTCGG_L006_R1_007.fastq.gz;ftp.sra.ebi.ac.uk/vol1/run/ERR166/ERR1662490/run1_FS854_CCTCGG_L006_R2_007.fastq.gz	FS854
ERR1662491	SAMEA4470841	652676	hydrothermal vent metagenome	ftp.sra.ebi.ac.uk/vol1/run/ERR166/ERR1662491/run2_FS854_CCTCGG_L004_R1_009.fastq.gz;ftp.sra.ebi.ac.uk/vol1/run/ERR166/ERR1662491/run2_FS854_CCTCGG_L004_R2_009.fastq.gz	FS854
ERR1662492	SAMEA4470841	652676	hydrothermal vent metagenome	ftp.sra.ebi.ac.uk/vol1/run/ERR166/ERR1662492/run2_FS854_CCTCGG_L005_R1_009.fastq.gz;ftp.sra.ebi.ac.uk/vol1/run/ERR166/ERR1662492/run2_FS854_CCTCGG_L005_R2_009.fastq.gz	FS854
ERR1662503	SAMEA4470841	652676	hydrothermal vent metagenome	ftp.sra.ebi.ac.uk/vol1/run/ERR166/ERR1662503/run2_FS854_CCTCGG_L006_R1_002.fastq.gz;ftp.sra.ebi.ac.uk/vol1/run/ERR166/ERR1662503/run2_FS854_CCTCGG_L006_R2_002.fastq.gz	FS854
ERR1662504	SAMEA4470842	652676	hydrothermal vent metagenome	ftp.sra.ebi.ac.uk/vol1/run/ERR166/ERR1662504/run1_FS856_GGATGT_L006_R1_001.fastq.gz;ftp.sra.ebi.ac.uk/vol1/run/ERR166/ERR1662504/run1_FS856_GGATGT_L006_R2_001.fastq.gz	FS856
ERR1662506	SAMEA4470842	652676	hydrothermal vent metagenome	ftp.sra.ebi.ac.uk/vol1/run/ERR166/ERR1662506/run2_FS856_GGATGT_L005_R1_002.fastq.gz;ftp.sra.ebi.ac.uk/vol1/run/ERR166/ERR1662506/run2_FS856_GGATGT_L005_R2_002.fastq.gz	FS856
ERR1662524	SAMEA4470842	652676	hydrothermal vent metagenome	ftp.sra.ebi.ac.uk/vol1/run/ERR166/ERR1662524/run1_FS856_GGATGT_L006_R1_006.fastq.gz;ftp.sra.ebi.ac.uk/vol1/run/ERR166/ERR1662524/run1_FS856_GGATGT_L006_R2_006.fastq.gz	FS856
ERR1662527	SAMEA4470842	652676	hydrothermal vent metagenome	ftp.sra.ebi.ac.uk/vol1/run/ERR166/ERR1662527/run1_FS856_GGATGT_L006_R1_007.fastq.gz;ftp.sra.ebi.ac.uk/vol1/run/ERR166/ERR1662527/run1_FS856_GGATGT_L006_R2_007.fastq.gz	FS856
ERR1662531	SAMEA4470842	652676	hydrothermal vent metagenome	ftp.sra.ebi.ac.uk/vol1/run/ERR166/ERR1662531/run2_FS856_GGATGT_L005_R1_001.fastq.gz;ftp.sra.ebi.ac.uk/vol1/run/ERR166/ERR1662531/run2_FS856_GGATGT_L005_R2_001.fastq.gz	FS856
ERR1664672	SAMEA4473424	652676	hydrothermal vent metagenome	ftp.sra.ebi.ac.uk/vol1/run/ERR166/ERR1664672/FS841_RNA_AAGGGA_L002_R1_003.fastq.gz;ftp.sra.ebi.ac.uk/vol1/run/ERR166/ERR1664672/FS841_RNA_AAGGGA_L002_R2_003.fastq.gz	FS841-RNA
ERR1664673	SAMEA4473424	652676	hydrothermal vent metagenome	ftp.sra.ebi.ac.uk/vol1/run/ERR166/ERR1664673/FS841_RNA_AAGGGA_L002_R1_004.fastq.gz;ftp.sra.ebi.ac.uk/vol1/run/ERR166/ERR1664673/FS841_RNA_AAGGGA_L002_R2_004.fastq.gz	FS841-RNA
ERR1664674	SAMEA4473425	652676	hydrothermal vent metagenome	ftp.sra.ebi.ac.uk/vol1/run/ERR166/ERR1664674/FS844_RNA_GGACCC_L002_R1_001.fastq.gz;ftp.sra.ebi.ac.uk/vol1/run/ERR166/ERR1664674/FS844_RNA_GGACCC_L002_R2_001.fastq.gz	FS844-RNA
ERR1664675	SAMEA4473425	652676	hydrothermal vent metagenome	ftp.sra.ebi.ac.uk/vol1/run/ERR166/ERR1664675/FS844_RNA_GGACCC_L002_R1_003.fastq.gz;ftp.sra.ebi.ac.uk/vol1/run/ERR166/ERR1664675/FS844_RNA_GGACCC_L002_R2_003.fastq.gz	FS844-RNA
ERR1664677	SAMEA4473425	652676	hydrothermal vent metagenome	ftp.sra.ebi.ac.uk/vol1/run/ERR166/ERR1664677/FS844_RNA_GGACCC_L002_R1_007.fastq.gz;ftp.sra.ebi.ac.uk/vol1/run/ERR166/ERR1664677/FS844_RNA_GGACCC_L002_R2_007.fastq.gz	FS844-RNA
ERR1664684	SAMEA4473425	652676	hydrothermal vent metagenome	ftp.sra.ebi.ac.uk/vol1/run/ERR166/ERR1664684/FS844_RNA_GGACCC_L002_R1_010.fastq.gz;ftp.sra.ebi.ac.uk/vol1/run/ERR166/ERR1664684/FS844_RNA_GGACCC_L002_R2_010.fastq.gz	FS844-RNA
ERR1664688	SAMEA4473426	652676	hydrothermal vent metagenome	ftp.sra.ebi.ac.uk/vol1/run/ERR166/ERR1664688/FS848_RNA_TTCAGC_L002_R1_005.fastq.gz;ftp.sra.ebi.ac.uk/vol1/run/ERR166/ERR1664688/FS848_RNA_TTCAGC_L002_R2_005.fastq.gz	FS848-RNA
ERR1664689	SAMEA4473426	652676	hydrothermal vent metagenome	ftp.sra.ebi.ac.uk/vol1/run/ERR166/ERR1664689/FS848_RNA_TTCAGC_L002_R1_007.fastq.gz;ftp.sra.ebi.ac.uk/vol1/run/ERR166/ERR1664689/FS848_RNA_TTCAGC_L002_R2_007.fastq.gz	FS848-RNA
ERR1664690	SAMEA4473426	652676	hydrothermal vent metagenome	ftp.sra.ebi.ac.uk/vol1/run/ERR166/ERR1664690/FS848_RNA_TTCAGC_L002_R1_002.fastq.gz;ftp.sra.ebi.ac.uk/vol1/run/ERR166/ERR1664690/FS848_RNA_TTCAGC_L002_R2_002.fastq.gz	FS848-RNA
ERR1664692	SAMEA4473426	652676	hydrothermal vent metagenome	ftp.sra.ebi.ac.uk/vol1/run/ERR166/ERR1664692/FS848_RNA_TTCAGC_L002_R1_006.fastq.gz;ftp.sra.ebi.ac.uk/vol1/run/ERR166/ERR1664692/FS848_RNA_TTCAGC_L002_R2_006.fastq.gz	FS848-RNA
ERR1664693	SAMEA4473427	652676	hydrothermal vent metagenome	ftp.sra.ebi.ac.uk/vol1/run/ERR166/ERR1664693/FS851_AAGGGA_L001_R1_001.fastq.gz;ftp.sra.ebi.ac.uk/vol1/run/ERR166/ERR1664693/FS851_AAGGGA_L001_R2_001.fastq.gz	FS851-RNA
ERR1664694	SAMEA4473427	652676	hydrothermal vent metagenome	ftp.sra.ebi.ac.uk/vol1/run/ERR166/ERR1664694/FS851_AAGGGA_L001_R1_003.fastq.gz;ftp.sra.ebi.ac.uk/vol1/run/ERR166/ERR1664694/FS851_AAGGGA_L001_R2_003.fastq.gz	FS851-RNA
ERR1664695	SAMEA4473427	652676	hydrothermal vent metagenome	ftp.sra.ebi.ac.uk/vol1/run/ERR166/ERR1664695/FS851_AAGGGA_L001_R1_005.fastq.gz;ftp.sra.ebi.ac.uk/vol1/run/ERR166/ERR1664695/FS851_AAGGGA_L001_R2_005.fastq.gz	FS851-RNA
ERR1664699	SAMEA4473427	652676	hydrothermal vent metagenome	ftp.sra.ebi.ac.uk/vol1/run/ERR166/ERR1664699/FS851_AAGGGA_L001_R1_006.fastq.gz;ftp.sra.ebi.ac.uk/vol1/run/ERR166/ERR1664699/FS851_AAGGGA_L001_R2_006.fastq.gz	FS851-RNA
ERR1664706	SAMEA4473428	652676	hydrothermal vent metagenome	ftp.sra.ebi.ac.uk/vol1/run/ERR166/ERR1664706/FS852_CCTTCA_L001_R1_006.fastq.gz;ftp.sra.ebi.ac.uk/vol1/run/ERR166/ERR1664706/FS852_CCTTCA_L001_R2_006.fastq.gz	FS852-RNA
ERR1664708	SAMEA4473429	652676	hydrothermal vent metagenome	ftp.sra.ebi.ac.uk/vol1/run/ERR166/ERR1664708/FS854_GGACCC_L001_R1_002.fastq.gz;ftp.sra.ebi.ac.uk/vol1/run/ERR166/ERR1664708/FS854_GGACCC_L001_R2_002.fastq.gz	FS854-RNA
ERR1664711	SAMEA4473430	652676	hydrothermal vent metagenome	ftp.sra.ebi.ac.uk/vol1/run/ERR166/ERR1664711/FS856_TTCAGC_L001_R1_001.fastq.gz;ftp.sra.ebi.ac.uk/vol1/run/ERR166/ERR1664711/FS856_TTCAGC_L001_R2_001.fastq.gz	FS856-RNA
ERR1664712	SAMEA4473430	652676	hydrothermal vent metagenome	ftp.sra.ebi.ac.uk/vol1/run/ERR166/ERR1664712/FS856_TTCAGC_L001_R1_002.fastq.gz;ftp.sra.ebi.ac.uk/vol1/run/ERR166/ERR1664712/FS856_TTCAGC_L001_R2_002.fastq.gz	FS856-RNA
ERR1664715	SAMEA4473431	652676	hydrothermal vent metagenome	ftp.sra.ebi.ac.uk/vol1/run/ERR166/ERR1664715/FS872_RNA_CCTTCA_L002_R1_003.fastq.gz;ftp.sra.ebi.ac.uk/vol1/run/ERR166/ERR1664715/FS872_RNA_CCTTCA_L002_R2_003.fastq.gz	FS872-RNA
ERR1664716	SAMEA4473431	652676	hydrothermal vent metagenome	ftp.sra.ebi.ac.uk/vol1/run/ERR166/ERR1664716/FS872_RNA_CCTTCA_L002_R1_005.fastq.gz;ftp.sra.ebi.ac.uk/vol1/run/ERR166/ERR1664716/FS872_RNA_CCTTCA_L002_R2_005.fastq.gz	FS872-RNA
ERR1664717	SAMEA4473431	652676	hydrothermal vent metagenome	ftp.sra.ebi.ac.uk/vol1/run/ERR166/ERR1664717/FS872_RNA_CCTTCA_L002_R1_002.fastq.gz;ftp.sra.ebi.ac.uk/vol1/run/ERR166/ERR1664717/FS872_RNA_CCTTCA_L002_R2_002.fastq.gz	FS872-RNA
ERR1664718	SAMEA4473431	652676	hydrothermal vent metagenome	ftp.sra.ebi.ac.uk/vol1/run/ERR166/ERR1664718/FS872_RNA_CCTTCA_L002_R1_004.fastq.gz;ftp.sra.ebi.ac.uk/vol1/run/ERR166/ERR1664718/FS872_RNA_CCTTCA_L002_R2_004.fastq.gz	FS872-RNA
ERR1664722	SAMEA4473432	652676	hydrothermal vent metagenome	ftp.sra.ebi.ac.uk/vol1/run/ERR166/ERR1664722/FS879_RNA_AAGACG_L002_R1_005.fastq.gz;ftp.sra.ebi.ac.uk/vol1/run/ERR166/ERR1664722/FS879_RNA_AAGACG_L002_R2_005.fastq.gz	FS879-RNA
ERR1664728	SAMEA4473433	652676	hydrothermal vent metagenome	ftp.sra.ebi.ac.uk/vol1/run/ERR166/ERR1664728/FS881_RNA_CCTCGG_L002_R1_003.fastq.gz;ftp.sra.ebi.ac.uk/vol1/run/ERR166/ERR1664728/FS881_RNA_CCTCGG_L002_R2_003.fastq.gz	FS881-RNA
ERR1664729	SAMEA4473433	652676	hydrothermal vent metagenome	ftp.sra.ebi.ac.uk/vol1/run/ERR166/ERR1664729/FS881_RNA_CCTCGG_L002_R1_004.fastq.gz;ftp.sra.ebi.ac.uk/vol1/run/ERR166/ERR1664729/FS881_RNA_CCTCGG_L002_R2_004.fastq.gz	FS881-RNA
ERR5957047	SAMEA8800963	155863	Methanothermococcus okinawensis	ftp.sra.ebi.ac.uk/vol1/run/ERR595/ERR5957047/MidCaymanRise_DCO_Methanothermococcus_SAGs-M21-QUALITY_PASSED_R1.fastq.gz;ftp.sra.ebi.ac.uk/vol1/run/ERR595/ERR5957047/MidCaymanRise_DCO_Methanothermococcus_SAGs-M21-QUALITY_PASSED_R2.fastq.gz	SCGC AD-155-M21
ERR5957048	SAMEA8800964	155863	Methanothermococcus okinawensis	ftp.sra.ebi.ac.uk/vol1/run/ERR595/ERR5957048/MidCaymanRise_DCO_Methanothermococcus_SAGs-N22--QUALITY_PASSED_R1.fastq.gz;ftp.sra.ebi.ac.uk/vol1/run/ERR595/ERR5957048/MidCaymanRise_DCO_Methanothermococcus_SAGs-N22--QUALITY_PASSED_R2.fastq.gz	SCGC AD-155-N22
